#
# There is insufficient memory for the Java Runtime Environment to continue.
# Native memory allocation (malloc) failed to allocate 850736 bytes for Chunk::new
# Possible reasons:
#   The system is out of physical RAM or swap space
#   The process is running with CompressedOops enabled, and the Java Heap may be blocking the growth of the native heap
# Possible solutions:
#   Reduce memory load on the system
#   Increase physical memory or swap space
#   Check if swap backing store is full
#   Decrease Java heap size (-Xmx/-Xms)
#   Decrease number of Java threads
#   Decrease Java thread stack sizes (-Xss)
#   Set larger code cache with -XX:ReservedCodeCacheSize=
#   JVM is running with Unscaled Compressed Oops mode in which the Java heap is
#     placed in the first 4GB address space. The Java Heap base address is the
#     maximum limit for the native heap growth. Please use -XX:HeapBaseMinAddress
#     to set the Java Heap base and to place the Java Heap above 4GB virtual address.
# This output file may be truncated or incomplete.
#
#  Out of Memory Error (arena.cpp:184), pid=9380, tid=21008
#
# JRE version: OpenJDK Runtime Environment (18.0.1.1+2) (build 18.0.1.1+2-6)
# Java VM: OpenJDK 64-Bit Server VM (18.0.1.1+2-6, mixed mode, sharing, tiered, compressed oops, compressed class ptrs, g1 gc, windows-amd64)
# No core dump will be written. Minidumps are not enabled by default on client versions of Windows
#

---------------  S U M M A R Y ------------

Command Line: -XX:MaxMetaspaceSize=512m --add-opens=java.base/java.util=ALL-UNNAMED --add-opens=java.base/java.lang=ALL-UNNAMED --add-opens=java.base/java.lang.invoke=ALL-UNNAMED --add-opens=java.base/java.util=ALL-UNNAMED --add-opens=java.prefs/java.util.prefs=ALL-UNNAMED --add-opens=java.prefs/java.util.prefs=ALL-UNNAMED --add-opens=java.base/java.nio.charset=ALL-UNNAMED --add-opens=java.base/java.net=ALL-UNNAMED --add-opens=java.base/java.util.concurrent.atomic=ALL-UNNAMED -Xmx2048m -Dfile.encoding=UTF-8 -Duser.country=ID -Duser.language=en -Duser.variant org.gradle.launcher.daemon.bootstrap.GradleDaemon 7.5.1

Host: Intel(R) Core(TM) i5-8250U CPU @ 1.60GHz, 8 cores, 7G,  Windows 10 , 64 bit Build 19041 (10.0.19041.2788)
Time: Mon May 29 19:26:10 2023 SE Asia Standard Time elapsed time: 121.970715 seconds (0d 0h 2m 1s)

---------------  T H R E A D  ---------------

Current thread (0x000001d97abc0f90):  JavaThread "C2 CompilerThread0" daemon [_thread_in_native, id=21008, stack(0x000000194aa00000,0x000000194ab00000)]


Current CompileTask:
C2: 121971 20803   !   4       org.gradle.api.internal.file.FileOrUriNotationConverter::convert (310 bytes)

Stack: [0x000000194aa00000,0x000000194ab00000]
Native frames: (J=compiled Java code, j=interpreted, Vv=VM code, C=native code)
V  [jvm.dll+0x69887a]
V  [jvm.dll+0x7f38bd]
V  [jvm.dll+0x7f51ce]
V  [jvm.dll+0x7f5883]
V  [jvm.dll+0x25ca3f]
V  [jvm.dll+0xb8c2f]
V  [jvm.dll+0xb8fa5]
V  [jvm.dll+0x385a31]
V  [jvm.dll+0x34f811]
V  [jvm.dll+0x34ecaa]
V  [jvm.dll+0x22fc21]
V  [jvm.dll+0x22eff1]
V  [jvm.dll+0x1b9cfc]
V  [jvm.dll+0x23e8ca]
V  [jvm.dll+0x23cbb5]
V  [jvm.dll+0x7a5fb1]
V  [jvm.dll+0x7a03ea]
V  [jvm.dll+0x697725]
C  [ucrtbase.dll+0x21bb2]
C  [KERNEL32.DLL+0x17604]
C  [ntdll.dll+0x526a1]


---------------  P R O C E S S  ---------------

Threads class SMR info:
_java_thread_list=0x000001d919c5f8b0, length=158, elements={
0x000001d96b9722f0, 0x000001d97aba4df0, 0x000001d97aba5a50, 0x000001d97abbcb90,
0x000001d97abbe6a0, 0x000001d97abbf7e0, 0x000001d97abc02c0, 0x000001d97abc0f90,
0x000001d97abc4330, 0x000001d97abc9e90, 0x000001d97f0afe40, 0x000001d97f0b8ae0,
0x000001d90ff3b850, 0x000001d9102569e0, 0x000001d97f989ac0, 0x000001d90fc80b20,
0x000001d90fb6c490, 0x000001d90fcf7430, 0x000001d90fc176a0, 0x000001d90fcd6510,
0x000001d90fcd51d0, 0x000001d90fcd69e0, 0x000001d90fcd34f0, 0x000001d90fcd56a0,
0x000001d90fcd5b70, 0x000001d90fcd3e90, 0x000001d90fcd4830, 0x000001d90fcd6040,
0x000001d90fcd4360, 0x000001d90fcd4d00, 0x000001d910432ed0, 0x000001d910432530,
0x000001d910433870, 0x000001d910435ef0, 0x000001d910434bb0, 0x000001d910435550,
0x000001d9104363c0, 0x000001d910432a00, 0x000001d910435a20, 0x000001d9104333a0,
0x000001d91042f040, 0x000001d91042f510, 0x000001d91042feb0, 0x000001d9104316c0,
0x000001d9104311f0, 0x000001d910433d40, 0x000001d910434210, 0x000001d9104346e0,
0x000001d9124dd760, 0x000001d9124ddc30, 0x000001d9124de100, 0x000001d9124dd290,
0x000001d9124de5d0, 0x000001d9124df910, 0x000001d9124deaa0, 0x000001d9124dfde0,
0x000001d9124e0780, 0x000001d9124def70, 0x000001d9124e02b0, 0x000001d9124df440,
0x000001d9124e0c50, 0x000001d9103970b0, 0x000001d910396be0, 0x000001d910395d70,
0x000001d910397a50, 0x000001d910394f00, 0x000001d9103983f0, 0x000001d910396240,
0x000001d9103953d0, 0x000001d910397f20, 0x000001d910394a30, 0x000001d910397580,
0x000001d9103958a0, 0x000001d910396710, 0x000001d912546030, 0x000001d912541800,
0x000001d912546ea0, 0x000001d912546500, 0x000001d912540990, 0x000001d912542670,
0x000001d912544820, 0x000001d912545690, 0x000001d912545b60, 0x000001d912541330,
0x000001d912541cd0, 0x000001d9125469d0, 0x000001d912544350, 0x000001d912547370,
0x000001d9125404c0, 0x000001d912543010, 0x000001d9125421a0, 0x000001d9125434e0,
0x000001d9125439b0, 0x000001d912544cf0, 0x000001d910480900, 0x000001d910482110,
0x000001d910484790, 0x000001d910485600, 0x000001d910485ad0, 0x000001d910483450,
0x000001d910482f80, 0x000001d910485130, 0x000001d9104825e0, 0x000001d910484c60,
0x000001d91047f5c0, 0x000001d910481c40, 0x000001d910485fa0, 0x000001d910481770,
0x000001d910482ab0, 0x000001d9104812a0, 0x000001d910483920, 0x000001d910486470,
0x000001d91047ff60, 0x000001d910480430, 0x000001d91047f0f0, 0x000001d91047fa90,
0x000001d910480dd0, 0x000001d910483df0, 0x000001d911337e70, 0x000001d9113379a0,
0x000001d9113374d0, 0x000001d911338340, 0x000001d911336190, 0x000001d911336b30,
0x000001d91133ae90, 0x000001d911338810, 0x000001d91133d040, 0x000001d911338ce0,
0x000001d911337000, 0x000001d911339680, 0x000001d9113391b0, 0x000001d911339b50,
0x000001d91133bd00, 0x000001d91133a020, 0x000001d911336660, 0x000001d91133a4f0,
0x000001d91133b830, 0x000001d912a2f190, 0x000001d912a2bca0, 0x000001d912a2b300,
0x000001d912a2b7d0, 0x000001d912a2fb30, 0x000001d912a2c640, 0x000001d91abc0690,
0x000001d91abc31e0, 0x000001d91abbe9b0, 0x000001d91abc5390, 0x000001d91abc49f0,
0x000001d91abc5860, 0x000001d91abbf350, 0x000001d91abc5d30, 0x000001d91abc4050,
0x000001d91abc1500, 0x000001d91abc2d10, 0x000001d91abbf820, 0x000001d91abcb9f0,
0x000001d91abce540, 0x000001d91abcbec0
}

Java Threads: ( => current thread )
  0x000001d96b9722f0 JavaThread "main" [_thread_blocked, id=18544, stack(0x0000001949d00000,0x0000001949e00000)]
  0x000001d97aba4df0 JavaThread "Reference Handler" daemon [_thread_blocked, id=8804, stack(0x000000194a400000,0x000000194a500000)]
  0x000001d97aba5a50 JavaThread "Finalizer" daemon [_thread_blocked, id=13184, stack(0x000000194a500000,0x000000194a600000)]
  0x000001d97abbcb90 JavaThread "Signal Dispatcher" daemon [_thread_blocked, id=18920, stack(0x000000194a600000,0x000000194a700000)]
  0x000001d97abbe6a0 JavaThread "Attach Listener" daemon [_thread_blocked, id=8076, stack(0x000000194a700000,0x000000194a800000)]
  0x000001d97abbf7e0 JavaThread "Service Thread" daemon [_thread_blocked, id=19940, stack(0x000000194a800000,0x000000194a900000)]
  0x000001d97abc02c0 JavaThread "Monitor Deflation Thread" daemon [_thread_blocked, id=21168, stack(0x000000194a900000,0x000000194aa00000)]
=>0x000001d97abc0f90 JavaThread "C2 CompilerThread0" daemon [_thread_in_native, id=21008, stack(0x000000194aa00000,0x000000194ab00000)]
  0x000001d97abc4330 JavaThread "C1 CompilerThread0" daemon [_thread_blocked, id=12584, stack(0x000000194ab00000,0x000000194ac00000)]
  0x000001d97abc9e90 JavaThread "Sweeper thread" daemon [_thread_blocked, id=3884, stack(0x000000194ac00000,0x000000194ad00000)]
  0x000001d97f0afe40 JavaThread "Common-Cleaner" daemon [_thread_blocked, id=20860, stack(0x000000194ad00000,0x000000194ae00000)]
  0x000001d97f0b8ae0 JavaThread "Notification Thread" daemon [_thread_blocked, id=20648, stack(0x000000194ae00000,0x000000194af00000)]
  0x000001d90ff3b850 JavaThread "Daemon health stats" [_thread_blocked, id=13992, stack(0x000000194b500000,0x000000194b600000)]
  0x000001d9102569e0 JavaThread "Incoming local TCP Connector on port 58539" [_thread_in_native, id=15284, stack(0x000000194b300000,0x000000194b400000)]
  0x000001d97f989ac0 JavaThread "Daemon periodic checks" [_thread_blocked, id=19388, stack(0x000000194b600000,0x000000194b700000)]
  0x000001d90fc80b20 JavaThread "Daemon" [_thread_blocked, id=3040, stack(0x000000194b700000,0x000000194b800000)]
  0x000001d90fb6c490 JavaThread "Handler for socket connection from /127.0.0.1:58539 to /127.0.0.1:58540" [_thread_in_native, id=2928, stack(0x000000194b800000,0x000000194b900000)]
  0x000001d90fcf7430 JavaThread "Cancel handler" [_thread_blocked, id=18024, stack(0x000000194b900000,0x000000194ba00000)]
  0x000001d90fc176a0 JavaThread "Daemon worker" [_thread_blocked, id=19384, stack(0x000000194ba00000,0x000000194bb00000)]
  0x000001d90fcd6510 JavaThread "Asynchronous log dispatcher for DefaultDaemonConnection: socket connection from /127.0.0.1:58539 to /127.0.0.1:58540" [_thread_blocked, id=6772, stack(0x000000194bb00000,0x000000194bc00000)]
  0x000001d90fcd51d0 JavaThread "Stdin handler" [_thread_blocked, id=17064, stack(0x000000194bc00000,0x000000194bd00000)]
  0x000001d90fcd69e0 JavaThread "Daemon client event forwarder" [_thread_blocked, id=8900, stack(0x000000194bd00000,0x000000194be00000)]
  0x000001d90fcd34f0 JavaThread "Cache worker for journal cache (C:\Users\Reza\.gradle\caches\journal-1)" [_thread_blocked, id=4344, stack(0x000000194be00000,0x000000194bf00000)]
  0x000001d90fcd56a0 JavaThread "File lock request listener" [_thread_in_native, id=11332, stack(0x000000194bf00000,0x000000194c000000)]
  0x000001d90fcd5b70 JavaThread "Cache worker for file hash cache (C:\Users\Reza\.gradle\caches\7.5.1\fileHashes)" [_thread_blocked, id=17476, stack(0x000000194c100000,0x000000194c200000)]
  0x000001d90fcd3e90 JavaThread "File watcher server" daemon [_thread_in_native, id=3732, stack(0x000000194c500000,0x000000194c600000)]
  0x000001d90fcd4830 JavaThread "File watcher consumer" daemon [_thread_in_Java, id=20952, stack(0x000000194c600000,0x000000194c700000)]
  0x000001d90fcd6040 JavaThread "Cache worker for checksums cache (C:\Users\Reza\Desktop\student-mobile\android\.gradle\7.5.1\checksums)" [_thread_blocked, id=12240, stack(0x000000194c700000,0x000000194c800000)]
  0x000001d90fcd4360 JavaThread "Cache worker for cache directory md-rule (C:\Users\Reza\.gradle\caches\7.5.1\md-rule)" [_thread_blocked, id=20800, stack(0x000000194c800000,0x000000194c900000)]
  0x000001d90fcd4d00 JavaThread "Cache worker for file content cache (C:\Users\Reza\.gradle\caches\7.5.1\fileContent)" [_thread_blocked, id=5080, stack(0x000000194c900000,0x000000194ca00000)]
  0x000001d910432ed0 JavaThread "Cache worker for file hash cache (C:\Users\Reza\Desktop\student-mobile\android\.gradle\7.5.1\fileHashes)" [_thread_blocked, id=10956, stack(0x000000194cb00000,0x000000194cc00000)]
  0x000001d910432530 JavaThread "Cache worker for cache directory md-supplier (C:\Users\Reza\.gradle\caches\7.5.1\md-supplier)" [_thread_blocked, id=19604, stack(0x000000194cc00000,0x000000194cd00000)]
  0x000001d910433870 JavaThread "Cache worker for execution history cache (C:\Users\Reza\.gradle\caches\7.5.1\executionHistory)" [_thread_blocked, id=11048, stack(0x000000194c000000,0x000000194c100000)]
  0x000001d910435ef0 JavaThread "jar transforms" [_thread_blocked, id=12504, stack(0x000000194cd00000,0x000000194ce00000)]
  0x000001d910434bb0 JavaThread "jar transforms Thread 2" [_thread_blocked, id=21032, stack(0x000000194ce00000,0x000000194cf00000)]
  0x000001d910435550 JavaThread "jar transforms Thread 3" [_thread_blocked, id=7844, stack(0x000000194cf00000,0x000000194d000000)]
  0x000001d9104363c0 JavaThread "jar transforms Thread 4" [_thread_blocked, id=13032, stack(0x000000194d000000,0x000000194d100000)]
  0x000001d910432a00 JavaThread "File lock release action executor" [_thread_blocked, id=17640, stack(0x000000194d100000,0x000000194d200000)]
  0x000001d910435a20 JavaThread "Cache worker for kotlin-dsl (C:\Users\Reza\.gradle\caches\7.5.1\kotlin-dsl)" [_thread_blocked, id=19828, stack(0x000000194d200000,0x000000194d300000)]
  0x000001d9104333a0 JavaThread "jar transforms Thread 5" [_thread_blocked, id=1944, stack(0x000000194d300000,0x000000194d400000)]
  0x000001d91042f040 JavaThread "jar transforms Thread 6" [_thread_blocked, id=3460, stack(0x000000194d500000,0x000000194d600000)]
  0x000001d91042f510 JavaThread "Cache worker for dependencies-accessors (C:\Users\Reza\Desktop\student-mobile\android\.gradle\7.5.1\dependencies-accessors)" [_thread_blocked, id=4932, stack(0x000000194d600000,0x000000194d700000)]
  0x000001d91042feb0 JavaThread "Cache worker for Build Output Cleanup Cache (C:\Users\Reza\Desktop\student-mobile\node_modules\react-native-gradle-plugin\.gradle\buildOutputCleanup)" [_thread_blocked, id=20788, stack(0x000000194d400000,0x000000194d500000)]
  0x000001d9104316c0 JavaThread "jar transforms Thread 7" [_thread_blocked, id=20096, stack(0x000000194d700000,0x000000194d800000)]
  0x000001d9104311f0 JavaThread "Unconstrained build operations" [_thread_blocked, id=3120, stack(0x000000194d800000,0x000000194d900000)]
  0x000001d910433d40 JavaThread "Unconstrained build operations Thread 2" [_thread_blocked, id=7536, stack(0x000000194d900000,0x000000194da00000)]
  0x000001d910434210 JavaThread "Unconstrained build operations Thread 3" [_thread_blocked, id=8384, stack(0x000000194da00000,0x000000194db00000)]
  0x000001d9104346e0 JavaThread "Unconstrained build operations Thread 4" [_thread_blocked, id=828, stack(0x000000194db00000,0x000000194dc00000)]
  0x000001d9124dd760 JavaThread "Unconstrained build operations Thread 5" [_thread_blocked, id=4076, stack(0x000000194dc00000,0x000000194dd00000)]
  0x000001d9124ddc30 JavaThread "Unconstrained build operations Thread 6" [_thread_blocked, id=9536, stack(0x000000194dd00000,0x000000194de00000)]
  0x000001d9124de100 JavaThread "Unconstrained build operations Thread 7" [_thread_blocked, id=7068, stack(0x000000194de00000,0x000000194df00000)]
  0x000001d9124dd290 JavaThread "Unconstrained build operations Thread 8" [_thread_blocked, id=21092, stack(0x000000194df00000,0x000000194e000000)]
  0x000001d9124de5d0 JavaThread "Unconstrained build operations Thread 9" [_thread_blocked, id=20768, stack(0x000000194e000000,0x000000194e100000)]
  0x000001d9124df910 JavaThread "Unconstrained build operations Thread 10" [_thread_blocked, id=18408, stack(0x000000194e100000,0x000000194e200000)]
  0x000001d9124deaa0 JavaThread "Unconstrained build operations Thread 11" [_thread_blocked, id=14756, stack(0x000000194e200000,0x000000194e300000)]
  0x000001d9124dfde0 JavaThread "Unconstrained build operations Thread 12" [_thread_blocked, id=2572, stack(0x000000194e300000,0x000000194e400000)]
  0x000001d9124e0780 JavaThread "Unconstrained build operations Thread 13" [_thread_blocked, id=8380, stack(0x000000194e400000,0x000000194e500000)]
  0x000001d9124def70 JavaThread "Unconstrained build operations Thread 14" [_thread_blocked, id=2148, stack(0x000000194e500000,0x000000194e600000)]
  0x000001d9124e02b0 JavaThread "Unconstrained build operations Thread 15" [_thread_blocked, id=9844, stack(0x000000194e600000,0x000000194e700000)]
  0x000001d9124df440 JavaThread "Unconstrained build operations Thread 16" [_thread_blocked, id=11528, stack(0x000000194e700000,0x000000194e800000)]
  0x000001d9124e0c50 JavaThread "Unconstrained build operations Thread 17" [_thread_blocked, id=11140, stack(0x000000194e800000,0x000000194e900000)]
  0x000001d9103970b0 JavaThread "Unconstrained build operations Thread 18" [_thread_blocked, id=17000, stack(0x000000194e900000,0x000000194ea00000)]
  0x000001d910396be0 JavaThread "Unconstrained build operations Thread 19" [_thread_blocked, id=10344, stack(0x000000194ea00000,0x000000194eb00000)]
  0x000001d910395d70 JavaThread "Unconstrained build operations Thread 20" [_thread_blocked, id=2832, stack(0x000000194eb00000,0x000000194ec00000)]
  0x000001d910397a50 JavaThread "Unconstrained build operations Thread 21" [_thread_blocked, id=17628, stack(0x000000194ec00000,0x000000194ed00000)]
  0x000001d910394f00 JavaThread "Unconstrained build operations Thread 22" [_thread_blocked, id=1752, stack(0x000000194ed00000,0x000000194ee00000)]
  0x000001d9103983f0 JavaThread "Unconstrained build operations Thread 23" [_thread_blocked, id=13928, stack(0x000000194ee00000,0x000000194ef00000)]
  0x000001d910396240 JavaThread "Unconstrained build operations Thread 24" [_thread_blocked, id=15952, stack(0x000000194ef00000,0x000000194f000000)]
  0x000001d9103953d0 JavaThread "Unconstrained build operations Thread 25" [_thread_blocked, id=2512, stack(0x000000194f000000,0x000000194f100000)]
  0x000001d910397f20 JavaThread "Unconstrained build operations Thread 26" [_thread_blocked, id=18656, stack(0x000000194f100000,0x000000194f200000)]
  0x000001d910394a30 JavaThread "Unconstrained build operations Thread 27" [_thread_blocked, id=17816, stack(0x000000194f200000,0x000000194f300000)]
  0x000001d910397580 JavaThread "Unconstrained build operations Thread 28" [_thread_blocked, id=17820, stack(0x000000194f300000,0x000000194f400000)]
  0x000001d9103958a0 JavaThread "Unconstrained build operations Thread 29" [_thread_blocked, id=2284, stack(0x000000194f400000,0x000000194f500000)]
  0x000001d910396710 JavaThread "Unconstrained build operations Thread 30" [_thread_blocked, id=13240, stack(0x000000194f500000,0x000000194f600000)]
  0x000001d912546030 JavaThread "Unconstrained build operations Thread 31" [_thread_blocked, id=20844, stack(0x000000194f600000,0x000000194f700000)]
  0x000001d912541800 JavaThread "Unconstrained build operations Thread 32" [_thread_blocked, id=14112, stack(0x000000194f700000,0x000000194f800000)]
  0x000001d912546ea0 JavaThread "Unconstrained build operations Thread 33" [_thread_blocked, id=9792, stack(0x000000194f800000,0x000000194f900000)]
  0x000001d912546500 JavaThread "jar transforms Thread 8" [_thread_blocked, id=5368, stack(0x000000194f900000,0x000000194fa00000)]
  0x000001d912540990 JavaThread "build event listener" [_thread_blocked, id=11784, stack(0x000000194fa00000,0x000000194fb00000)]
  0x000001d912542670 JavaThread "Memory manager" [_thread_blocked, id=11912, stack(0x000000194fb00000,0x000000194fc00000)]
  0x000001d912544820 JavaThread "Cache worker for Build Output Cleanup Cache (C:\Users\Reza\Desktop\student-mobile\android\.gradle\buildOutputCleanup)" [_thread_blocked, id=21248, stack(0x000000194fd00000,0x000000194fe00000)]
  0x000001d912545690 JavaThread "included builds" [_thread_blocked, id=16936, stack(0x0000001949b00000,0x0000001949c00000)]
  0x000001d912545b60 JavaThread "Execution worker" [_thread_blocked, id=15676, stack(0x000000194ff00000,0x0000001950000000)]
  0x000001d912541330 JavaThread "Execution worker Thread 2" [_thread_blocked, id=10868, stack(0x0000001950000000,0x0000001950100000)]
  0x000001d912541cd0 JavaThread "Execution worker Thread 3" [_thread_blocked, id=6244, stack(0x0000001950100000,0x0000001950200000)]
  0x000001d9125469d0 JavaThread "Execution worker Thread 4" [_thread_blocked, id=9128, stack(0x0000001950200000,0x0000001950300000)]
  0x000001d912544350 JavaThread "Execution worker Thread 5" [_thread_blocked, id=7072, stack(0x0000001950300000,0x0000001950400000)]
  0x000001d912547370 JavaThread "Execution worker Thread 6" [_thread_blocked, id=11672, stack(0x0000001950400000,0x0000001950500000)]
  0x000001d9125404c0 JavaThread "Execution worker Thread 7" [_thread_in_native, id=10528, stack(0x0000001950500000,0x0000001950600000)]
  0x000001d912543010 JavaThread "Cache worker for execution history cache (C:\Users\Reza\Desktop\student-mobile\node_modules\react-native-gradle-plugin\.gradle\7.5.1\executionHistory)" [_thread_blocked, id=17096, stack(0x0000001950600000,0x0000001950700000)]
  0x000001d9125421a0 JavaThread "Unconstrained build operations Thread 34" [_thread_blocked, id=9200, stack(0x000000194fe00000,0x000000194ff00000)]
  0x000001d9125434e0 JavaThread "Unconstrained build operations Thread 35" [_thread_blocked, id=7220, stack(0x0000001950700000,0x0000001950800000)]
  0x000001d9125439b0 JavaThread "Unconstrained build operations Thread 36" [_thread_blocked, id=11132, stack(0x0000001950800000,0x0000001950900000)]
  0x000001d912544cf0 JavaThread "Unconstrained build operations Thread 37" [_thread_blocked, id=1824, stack(0x0000001950900000,0x0000001950a00000)]
  0x000001d910480900 JavaThread "Unconstrained build operations Thread 38" [_thread_blocked, id=2012, stack(0x0000001950a00000,0x0000001950b00000)]
  0x000001d910482110 JavaThread "Unconstrained build operations Thread 39" [_thread_blocked, id=17264, stack(0x0000001950b00000,0x0000001950c00000)]
  0x000001d910484790 JavaThread "Unconstrained build operations Thread 40" [_thread_blocked, id=16368, stack(0x0000001950c00000,0x0000001950d00000)]
  0x000001d910485600 JavaThread "Unconstrained build operations Thread 41" [_thread_blocked, id=9932, stack(0x0000001950d00000,0x0000001950e00000)]
  0x000001d910485ad0 JavaThread "Unconstrained build operations Thread 42" [_thread_blocked, id=1500, stack(0x0000001950e00000,0x0000001950f00000)]
  0x000001d910483450 JavaThread "Unconstrained build operations Thread 43" [_thread_blocked, id=840, stack(0x0000001950f00000,0x0000001951000000)]
  0x000001d910482f80 JavaThread "Unconstrained build operations Thread 44" [_thread_blocked, id=10292, stack(0x0000001951000000,0x0000001951100000)]
  0x000001d910485130 JavaThread "Unconstrained build operations Thread 45" [_thread_blocked, id=2372, stack(0x0000001951100000,0x0000001951200000)]
  0x000001d9104825e0 JavaThread "Unconstrained build operations Thread 46" [_thread_blocked, id=13208, stack(0x0000001951200000,0x0000001951300000)]
  0x000001d910484c60 JavaThread "Unconstrained build operations Thread 47" [_thread_blocked, id=8812, stack(0x0000001951300000,0x0000001951400000)]
  0x000001d91047f5c0 JavaThread "Unconstrained build operations Thread 48" [_thread_blocked, id=12684, stack(0x0000001951400000,0x0000001951500000)]
  0x000001d910481c40 JavaThread "Unconstrained build operations Thread 49" [_thread_blocked, id=7612, stack(0x0000001951500000,0x0000001951600000)]
  0x000001d910485fa0 JavaThread "Unconstrained build operations Thread 50" [_thread_blocked, id=14684, stack(0x0000001951600000,0x0000001951700000)]
  0x000001d910481770 JavaThread "Unconstrained build operations Thread 51" [_thread_blocked, id=15680, stack(0x0000001951700000,0x0000001951800000)]
  0x000001d910482ab0 JavaThread "Unconstrained build operations Thread 52" [_thread_blocked, id=4360, stack(0x0000001951800000,0x0000001951900000)]
  0x000001d9104812a0 JavaThread "Unconstrained build operations Thread 53" [_thread_blocked, id=21492, stack(0x0000001951900000,0x0000001951a00000)]
  0x000001d910483920 JavaThread "Unconstrained build operations Thread 54" [_thread_blocked, id=11168, stack(0x0000001951a00000,0x0000001951b00000)]
  0x000001d910486470 JavaThread "Unconstrained build operations Thread 55" [_thread_blocked, id=1648, stack(0x0000001951b00000,0x0000001951c00000)]
  0x000001d91047ff60 JavaThread "Unconstrained build operations Thread 56" [_thread_blocked, id=20476, stack(0x0000001951c00000,0x0000001951d00000)]
  0x000001d910480430 JavaThread "Unconstrained build operations Thread 57" [_thread_blocked, id=16740, stack(0x0000001951d00000,0x0000001951e00000)]
  0x000001d91047f0f0 JavaThread "Unconstrained build operations Thread 58" [_thread_blocked, id=7636, stack(0x0000001951e00000,0x0000001951f00000)]
  0x000001d91047fa90 JavaThread "Unconstrained build operations Thread 59" [_thread_blocked, id=7100, stack(0x0000001951f00000,0x0000001952000000)]
  0x000001d910480dd0 JavaThread "Unconstrained build operations Thread 60" [_thread_blocked, id=2336, stack(0x0000001952000000,0x0000001952100000)]
  0x000001d910483df0 JavaThread "Unconstrained build operations Thread 61" [_thread_blocked, id=15632, stack(0x0000001952100000,0x0000001952200000)]
  0x000001d911337e70 JavaThread "Unconstrained build operations Thread 62" [_thread_blocked, id=12924, stack(0x0000001952200000,0x0000001952300000)]
  0x000001d9113379a0 JavaThread "Unconstrained build operations Thread 63" [_thread_blocked, id=17848, stack(0x0000001952300000,0x0000001952400000)]
  0x000001d9113374d0 JavaThread "Unconstrained build operations Thread 64" [_thread_blocked, id=4476, stack(0x0000001952400000,0x0000001952500000)]
  0x000001d911338340 JavaThread "Unconstrained build operations Thread 65" [_thread_blocked, id=416, stack(0x0000001952500000,0x0000001952600000)]
  0x000001d911336190 JavaThread "Unconstrained build operations Thread 66" [_thread_blocked, id=9004, stack(0x0000001952600000,0x0000001952700000)]
  0x000001d911336b30 JavaThread "Unconstrained build operations Thread 67" [_thread_blocked, id=12280, stack(0x0000001952700000,0x0000001952800000)]
  0x000001d91133ae90 JavaThread "Unconstrained build operations Thread 68" [_thread_blocked, id=18860, stack(0x0000001952800000,0x0000001952900000)]
  0x000001d911338810 JavaThread "Unconstrained build operations Thread 69" [_thread_blocked, id=2200, stack(0x0000001952900000,0x0000001952a00000)]
  0x000001d91133d040 JavaThread "Unconstrained build operations Thread 70" [_thread_blocked, id=7620, stack(0x0000001952a00000,0x0000001952b00000)]
  0x000001d911338ce0 JavaThread "Unconstrained build operations Thread 71" [_thread_blocked, id=16440, stack(0x0000001952b00000,0x0000001952c00000)]
  0x000001d911337000 JavaThread "Unconstrained build operations Thread 72" [_thread_blocked, id=6752, stack(0x0000001952c00000,0x0000001952d00000)]
  0x000001d911339680 JavaThread "Unconstrained build operations Thread 73" [_thread_blocked, id=9724, stack(0x0000001952d00000,0x0000001952e00000)]
  0x000001d9113391b0 JavaThread "Unconstrained build operations Thread 74" [_thread_blocked, id=13244, stack(0x0000001952e00000,0x0000001952f00000)]
  0x000001d911339b50 JavaThread "Unconstrained build operations Thread 75" [_thread_blocked, id=19520, stack(0x0000001952f00000,0x0000001953000000)]
  0x000001d91133bd00 JavaThread "Unconstrained build operations Thread 76" [_thread_blocked, id=8216, stack(0x0000001953000000,0x0000001953100000)]
  0x000001d91133a020 JavaThread "Unconstrained build operations Thread 77" [_thread_blocked, id=9928, stack(0x0000001953100000,0x0000001953200000)]
  0x000001d911336660 JavaThread "Unconstrained build operations Thread 78" [_thread_blocked, id=15140, stack(0x0000001953200000,0x0000001953300000)]
  0x000001d91133a4f0 JavaThread "Unconstrained build operations Thread 79" [_thread_blocked, id=16488, stack(0x0000001953300000,0x0000001953400000)]
  0x000001d91133b830 JavaThread "Unconstrained build operations Thread 80" [_thread_blocked, id=6212, stack(0x0000001953400000,0x0000001953500000)]
  0x000001d912a2f190 JavaThread "build event listener" [_thread_blocked, id=14340, stack(0x000000194fc00000,0x000000194fd00000)]
  0x000001d912a2bca0 JavaThread "build event listener" [_thread_blocked, id=18540, stack(0x0000001953700000,0x0000001953800000)]
  0x000001d912a2b300 JavaThread "build event listener" [_thread_blocked, id=15308, stack(0x0000001953800000,0x0000001953900000)]
  0x000001d912a2b7d0 JavaThread "build event listener" [_thread_blocked, id=13808, stack(0x0000001953900000,0x0000001953a00000)]
  0x000001d912a2fb30 JavaThread "build event listener" [_thread_blocked, id=16112, stack(0x0000001949a00000,0x0000001949b00000)]
  0x000001d912a2c640 JavaThread "Cache worker for execution history cache (C:\Users\Reza\Desktop\student-mobile\android\.gradle\7.5.1\executionHistory)" [_thread_blocked, id=7928, stack(0x0000001953b00000,0x0000001953c00000)]
  0x000001d91abc0690 JavaThread "Cache worker for Java compile cache (C:\Users\Reza\.gradle\caches\7.5.1\javaCompile)" [_thread_blocked, id=8708, stack(0x0000001953a00000,0x0000001953b00000)]
  0x000001d91abc31e0 JavaThread "Build operations" [_thread_blocked, id=13792, stack(0x0000001953c00000,0x0000001953d00000)]
  0x000001d91abbe9b0 JavaThread "Build operations Thread 2" [_thread_blocked, id=18340, stack(0x0000001953d00000,0x0000001953e00000)]
  0x000001d91abc5390 JavaThread "Build operations Thread 3" [_thread_blocked, id=12896, stack(0x0000001953e00000,0x0000001953f00000)]
  0x000001d91abc49f0 JavaThread "Build operations Thread 4" [_thread_blocked, id=15812, stack(0x0000001953f00000,0x0000001954000000)]
  0x000001d91abc5860 JavaThread "Build operations Thread 5" [_thread_blocked, id=14572, stack(0x0000001954000000,0x0000001954100000)]
  0x000001d91abbf350 JavaThread "Build operations Thread 6" [_thread_blocked, id=16976, stack(0x0000001954100000,0x0000001954200000)]
  0x000001d91abc5d30 JavaThread "Build operations Thread 7" [_thread_blocked, id=10244, stack(0x0000001954200000,0x0000001954300000)]
  0x000001d91abc4050 JavaThread "Build operations Thread 8" [_thread_blocked, id=7956, stack(0x0000001954300000,0x0000001954400000)]
  0x000001d91abc1500 JavaThread "RMI Scheduler(0)" daemon [_thread_blocked, id=13620, stack(0x0000001954400000,0x0000001954500000)]
  0x000001d91abc2d10 JavaThread "RMI RenewClean-[127.0.0.1:17768,org.jetbrains.kotlin.daemon.common.LoopbackNetworkInterface$ClientLoopbackSocketFactory@367db459]" daemon [_thread_blocked, id=11296, stack(0x0000001954500000,0x0000001954600000)]
  0x000001d91abbf820 JavaThread "RMI GC Daemon" daemon [_thread_blocked, id=6952, stack(0x0000001954600000,0x0000001954700000)]
  0x000001d91abcb9f0 JavaThread "RMI TCP Accept-0" daemon [_thread_in_native, id=8252, stack(0x0000001954700000,0x0000001954800000)]
  0x000001d91abce540 JavaThread "RMI Reaper" [_thread_blocked, id=14488, stack(0x0000001954800000,0x0000001954900000)]
  0x000001d91abcbec0 JavaThread "RMI TCP Connection(1)-127.0.0.1" daemon [_thread_in_native, id=11020, stack(0x0000001954900000,0x0000001954a00000)]

Other Threads:
  0x000001d97ab9b230 VMThread "VM Thread" [stack: 0x000000194a300000,0x000000194a400000] [id=13844]
  0x000001d97f0bc1d0 WatcherThread "VM Periodic Task Thread" [stack: 0x000000194af00000,0x000000194b000000] [id=18252]
  0x000001d96b9d26c0 WorkerThread "GC Thread#0" [stack: 0x0000001949e00000,0x0000001949f00000] [id=18916]
  0x000001d97facd510 WorkerThread "GC Thread#1" [stack: 0x000000194b000000,0x000000194b100000] [id=6532]
  0x000001d97f9058e0 WorkerThread "GC Thread#2" [stack: 0x000000194b100000,0x000000194b200000] [id=20088]
  0x000001d97f4924b0 WorkerThread "GC Thread#3" [stack: 0x000000194b200000,0x000000194b300000] [id=132]
  0x000001d97f187fa0 WorkerThread "GC Thread#4" [stack: 0x000000194b400000,0x000000194b500000] [id=11572]
  0x000001d9103f5c50 WorkerThread "GC Thread#5" [stack: 0x000000194c200000,0x000000194c300000] [id=4720]
  0x000001d9103f49f0 WorkerThread "GC Thread#6" [stack: 0x000000194c300000,0x000000194c400000] [id=4292]
  0x000001d9103f5470 WorkerThread "GC Thread#7" [stack: 0x000000194c400000,0x000000194c500000] [id=11028]
  0x000001d96b9e36c0 ConcurrentGCThread "G1 Main Marker" [stack: 0x0000001949f00000,0x000000194a000000] [id=12060]
  0x000001d96b9e4850 WorkerThread "G1 Conc#0" [stack: 0x000000194a000000,0x000000194a100000] [id=16852]
  0x000001d9103f4750 WorkerThread "G1 Conc#1" [stack: 0x000000194ca00000,0x000000194cb00000] [id=6940]
  0x000001d97aa560b0 ConcurrentGCThread "G1 Refine#0" [stack: 0x000000194a100000,0x000000194a200000] [id=13464]
  0x000001d9137b4790 ConcurrentGCThread "G1 Refine#1" [stack: 0x0000001949c00000,0x0000001949d00000] [id=11684]
  0x000001d97aa57780 ConcurrentGCThread "G1 Service" [stack: 0x000000194a200000,0x000000194a300000] [id=9624]

Threads with active compile tasks:
C2 CompilerThread0   122083 20803   !   4       org.gradle.api.internal.file.FileOrUriNotationConverter::convert (310 bytes)

VM state: not at safepoint (normal execution)

VM Mutex/Monitor currently owned by a thread: None

Heap address: 0x0000000080000000, size: 2048 MB, Compressed Oops mode: 32-bit

CDS archive(s) mapped at: [0x0000000800000000-0x0000000800b90000-0x0000000800b90000), size 12124160, SharedBaseAddress: 0x0000000800000000, ArchiveRelocationMode: 0.
Compressed class space mapped at: 0x0000000800c00000-0x000000081a800000, reserved size: 432013312
Narrow klass base: 0x0000000800000000, Narrow klass shift: 0, Narrow klass range: 0x100000000

GC Precious Log:
 CardTable entry size: 512
 Card Set container configuration: InlinePtr #cards 5 size 8 Array Of Cards #cards 12 size 40 Howl #buckets 4 coarsen threshold 1843 Howl Bitmap #cards 512 size 80 coarsen threshold 460 Card regions per heap region 1 cards per card region 2048
 CPUs: 8 total, 8 available
 Memory: 8074M
 Large Page Support: Disabled
 NUMA Support: Disabled
 Compressed Oops: Enabled (32-bit)
 Heap Region Size: 1M
 Heap Min Capacity: 8M
 Heap Initial Capacity: 128M
 Heap Max Capacity: 2G
 Pre-touch: Disabled
 Parallel Workers: 8
 Concurrent Workers: 2
 Concurrent Refinement Workers: 8
 Periodic GC: Disabled

Heap:
 garbage-first heap   total 506880K, used 363592K [0x0000000080000000, 0x0000000100000000)
  region size 1024K, 58 young (59392K), 14 survivors (14336K)
 Metaspace       used 126036K, committed 128832K, reserved 552960K
  class space    used 16963K, committed 18304K, reserved 421888K

Heap Regions: E=young(eden), S=young(survivor), O=old, HS=humongous(starts), HC=humongous(continues), CS=collection set, F=free, OA=open archive, CA=closed archive, TAMS=top-at-mark-start (previous, next)
|   0|0x0000000080000000, 0x0000000080100000, 0x0000000080100000|100%| O|  |TAMS 0x0000000080100000, 0x0000000080000000| Untracked 
|   1|0x0000000080100000, 0x0000000080200000, 0x0000000080200000|100%| O|  |TAMS 0x0000000080200000, 0x0000000080100000| Untracked 
|   2|0x0000000080200000, 0x0000000080300000, 0x0000000080300000|100%| O|  |TAMS 0x0000000080300000, 0x0000000080200000| Untracked 
|   3|0x0000000080300000, 0x0000000080400000, 0x0000000080400000|100%|HS|  |TAMS 0x0000000080400000, 0x0000000080300000| Complete 
|   4|0x0000000080400000, 0x0000000080500000, 0x0000000080500000|100%|HC|  |TAMS 0x0000000080500000, 0x0000000080400000| Complete 
|   5|0x0000000080500000, 0x0000000080600000, 0x0000000080600000|100%|HC|  |TAMS 0x0000000080600000, 0x0000000080500000| Complete 
|   6|0x0000000080600000, 0x0000000080700000, 0x0000000080700000|100%| O|  |TAMS 0x0000000080700000, 0x0000000080600000| Untracked 
|   7|0x0000000080700000, 0x0000000080800000, 0x0000000080800000|100%| O|  |TAMS 0x0000000080800000, 0x0000000080700000| Untracked 
|   8|0x0000000080800000, 0x0000000080900000, 0x0000000080900000|100%| O|  |TAMS 0x0000000080900000, 0x0000000080800000| Untracked 
|   9|0x0000000080900000, 0x0000000080a00000, 0x0000000080a00000|100%| O|  |TAMS 0x0000000080a00000, 0x0000000080900000| Untracked 
|  10|0x0000000080a00000, 0x0000000080b00000, 0x0000000080b00000|100%| O|  |TAMS 0x0000000080b00000, 0x0000000080a00000| Untracked 
|  11|0x0000000080b00000, 0x0000000080c00000, 0x0000000080c00000|100%| O|  |TAMS 0x0000000080c00000, 0x0000000080b00000| Untracked 
|  12|0x0000000080c00000, 0x0000000080d00000, 0x0000000080d00000|100%| O|  |TAMS 0x0000000080d00000, 0x0000000080c00000| Untracked 
|  13|0x0000000080d00000, 0x0000000080e00000, 0x0000000080e00000|100%| O|  |TAMS 0x0000000080e00000, 0x0000000080d00000| Untracked 
|  14|0x0000000080e00000, 0x0000000080f00000, 0x0000000080f00000|100%| O|  |TAMS 0x0000000080f00000, 0x0000000080e00000| Untracked 
|  15|0x0000000080f00000, 0x0000000081000000, 0x0000000081000000|100%| O|  |TAMS 0x0000000081000000, 0x0000000080f00000| Untracked 
|  16|0x0000000081000000, 0x0000000081100000, 0x0000000081100000|100%| O|  |TAMS 0x0000000081100000, 0x0000000081000000| Untracked 
|  17|0x0000000081100000, 0x0000000081200000, 0x0000000081200000|100%| O|  |TAMS 0x0000000081200000, 0x0000000081100000| Untracked 
|  18|0x0000000081200000, 0x0000000081300000, 0x0000000081300000|100%| O|  |TAMS 0x0000000081300000, 0x0000000081200000| Untracked 
|  19|0x0000000081300000, 0x0000000081400000, 0x0000000081400000|100%| O|  |TAMS 0x0000000081400000, 0x0000000081300000| Untracked 
|  20|0x0000000081400000, 0x0000000081500000, 0x0000000081500000|100%|HS|  |TAMS 0x0000000081500000, 0x0000000081400000| Complete 
|  21|0x0000000081500000, 0x0000000081600000, 0x0000000081600000|100%| O|  |TAMS 0x0000000081600000, 0x0000000081500000| Untracked 
|  22|0x0000000081600000, 0x0000000081700000, 0x0000000081700000|100%| O|  |TAMS 0x0000000081700000, 0x0000000081600000| Untracked 
|  23|0x0000000081700000, 0x0000000081800000, 0x0000000081800000|100%| O|  |TAMS 0x0000000081800000, 0x0000000081700000| Untracked 
|  24|0x0000000081800000, 0x0000000081900000, 0x0000000081900000|100%| O|  |TAMS 0x0000000081900000, 0x0000000081800000| Untracked 
|  25|0x0000000081900000, 0x0000000081a00000, 0x0000000081a00000|100%| O|  |TAMS 0x0000000081a00000, 0x0000000081900000| Untracked 
|  26|0x0000000081a00000, 0x0000000081b00000, 0x0000000081b00000|100%| O|  |TAMS 0x0000000081b00000, 0x0000000081a00000| Untracked 
|  27|0x0000000081b00000, 0x0000000081c00000, 0x0000000081c00000|100%| O|  |TAMS 0x0000000081c00000, 0x0000000081b00000| Untracked 
|  28|0x0000000081c00000, 0x0000000081d00000, 0x0000000081d00000|100%| O|  |TAMS 0x0000000081d00000, 0x0000000081c00000| Untracked 
|  29|0x0000000081d00000, 0x0000000081e00000, 0x0000000081e00000|100%| O|  |TAMS 0x0000000081e00000, 0x0000000081d00000| Untracked 
|  30|0x0000000081e00000, 0x0000000081f00000, 0x0000000081f00000|100%| O|  |TAMS 0x0000000081f00000, 0x0000000081e00000| Untracked 
|  31|0x0000000081f00000, 0x0000000082000000, 0x0000000082000000|100%| O|  |TAMS 0x0000000082000000, 0x0000000081f00000| Untracked 
|  32|0x0000000082000000, 0x0000000082100000, 0x0000000082100000|100%| O|  |TAMS 0x0000000082100000, 0x0000000082000000| Untracked 
|  33|0x0000000082100000, 0x0000000082200000, 0x0000000082200000|100%| O|  |TAMS 0x0000000082200000, 0x0000000082100000| Untracked 
|  34|0x0000000082200000, 0x0000000082300000, 0x0000000082300000|100%| O|  |TAMS 0x0000000082300000, 0x0000000082200000| Untracked 
|  35|0x0000000082300000, 0x0000000082400000, 0x0000000082400000|100%|HS|  |TAMS 0x0000000082400000, 0x0000000082300000| Complete 
|  36|0x0000000082400000, 0x0000000082500000, 0x0000000082500000|100%|HS|  |TAMS 0x0000000082500000, 0x0000000082400000| Complete 
|  37|0x0000000082500000, 0x0000000082600000, 0x0000000082600000|100%|HC|  |TAMS 0x0000000082600000, 0x0000000082500000| Complete 
|  38|0x0000000082600000, 0x0000000082700000, 0x0000000082700000|100%|HC|  |TAMS 0x0000000082700000, 0x0000000082600000| Complete 
|  39|0x0000000082700000, 0x0000000082800000, 0x0000000082800000|100%| O|  |TAMS 0x0000000082800000, 0x0000000082700000| Untracked 
|  40|0x0000000082800000, 0x0000000082900000, 0x0000000082900000|100%| O|  |TAMS 0x0000000082900000, 0x0000000082800000| Untracked 
|  41|0x0000000082900000, 0x0000000082a00000, 0x0000000082a00000|100%| O|  |TAMS 0x0000000082900000, 0x0000000082900000| Untracked 
|  42|0x0000000082a00000, 0x0000000082b00000, 0x0000000082b00000|100%| O|  |TAMS 0x0000000082b00000, 0x0000000082a00000| Untracked 
|  43|0x0000000082b00000, 0x0000000082c00000, 0x0000000082c00000|100%| O|  |TAMS 0x0000000082c00000, 0x0000000082b00000| Untracked 
|  44|0x0000000082c00000, 0x0000000082d00000, 0x0000000082d00000|100%| O|  |TAMS 0x0000000082d00000, 0x0000000082c00000| Untracked 
|  45|0x0000000082d00000, 0x0000000082e00000, 0x0000000082e00000|100%| O|  |TAMS 0x0000000082e00000, 0x0000000082d00000| Untracked 
|  46|0x0000000082e00000, 0x0000000082f00000, 0x0000000082f00000|100%| O|  |TAMS 0x0000000082f00000, 0x0000000082e00000| Untracked 
|  47|0x0000000082f00000, 0x0000000083000000, 0x0000000083000000|100%| O|  |TAMS 0x0000000083000000, 0x0000000082f00000| Untracked 
|  48|0x0000000083000000, 0x0000000083100000, 0x0000000083100000|100%| O|  |TAMS 0x0000000083100000, 0x0000000083000000| Untracked 
|  49|0x0000000083100000, 0x0000000083200000, 0x0000000083200000|100%| O|  |TAMS 0x0000000083100000, 0x0000000083100000| Untracked 
|  50|0x0000000083200000, 0x0000000083300000, 0x0000000083300000|100%| O|  |TAMS 0x0000000083300000, 0x0000000083200000| Untracked 
|  51|0x0000000083300000, 0x0000000083400000, 0x0000000083400000|100%| O|  |TAMS 0x0000000083400000, 0x0000000083300000| Untracked 
|  52|0x0000000083400000, 0x0000000083500000, 0x0000000083500000|100%| O|  |TAMS 0x0000000083500000, 0x0000000083400000| Untracked 
|  53|0x0000000083500000, 0x0000000083600000, 0x0000000083600000|100%| O|  |TAMS 0x0000000083600000, 0x0000000083500000| Untracked 
|  54|0x0000000083600000, 0x0000000083700000, 0x0000000083700000|100%| O|  |TAMS 0x0000000083600000, 0x0000000083600000| Untracked 
|  55|0x0000000083700000, 0x0000000083800000, 0x0000000083800000|100%| O|  |TAMS 0x0000000083800000, 0x0000000083700000| Untracked 
|  56|0x0000000083800000, 0x0000000083900000, 0x0000000083900000|100%| O|  |TAMS 0x0000000083900000, 0x0000000083800000| Untracked 
|  57|0x0000000083900000, 0x0000000083a00000, 0x0000000083a00000|100%| O|  |TAMS 0x0000000083a00000, 0x0000000083900000| Untracked 
|  58|0x0000000083a00000, 0x0000000083b00000, 0x0000000083b00000|100%| O|  |TAMS 0x0000000083b00000, 0x0000000083a00000| Untracked 
|  59|0x0000000083b00000, 0x0000000083c00000, 0x0000000083c00000|100%| O|  |TAMS 0x0000000083c00000, 0x0000000083b00000| Untracked 
|  60|0x0000000083c00000, 0x0000000083d00000, 0x0000000083d00000|100%|HS|  |TAMS 0x0000000083d00000, 0x0000000083c00000| Complete 
|  61|0x0000000083d00000, 0x0000000083e00000, 0x0000000083e00000|100%|HS|  |TAMS 0x0000000083d00000, 0x0000000083d00000| Complete 
|  62|0x0000000083e00000, 0x0000000083f00000, 0x0000000083f00000|100%|HC|  |TAMS 0x0000000083e00000, 0x0000000083e00000| Complete 
|  63|0x0000000083f00000, 0x0000000084000000, 0x0000000084000000|100%| O|  |TAMS 0x0000000084000000, 0x0000000083f00000| Untracked 
|  64|0x0000000084000000, 0x0000000084100000, 0x0000000084100000|100%| O|  |TAMS 0x0000000084100000, 0x0000000084000000| Untracked 
|  65|0x0000000084100000, 0x0000000084200000, 0x0000000084200000|100%| O|  |TAMS 0x0000000084200000, 0x0000000084100000| Untracked 
|  66|0x0000000084200000, 0x0000000084300000, 0x0000000084300000|100%| O|  |TAMS 0x0000000084300000, 0x0000000084200000| Untracked 
|  67|0x0000000084300000, 0x0000000084400000, 0x0000000084400000|100%| O|  |TAMS 0x0000000084400000, 0x0000000084300000| Untracked 
|  68|0x0000000084400000, 0x0000000084500000, 0x0000000084500000|100%|HS|  |TAMS 0x0000000084500000, 0x0000000084400000| Complete 
|  69|0x0000000084500000, 0x0000000084600000, 0x0000000084600000|100%|HC|  |TAMS 0x0000000084600000, 0x0000000084500000| Complete 
|  70|0x0000000084600000, 0x0000000084700000, 0x0000000084700000|100%| O|  |TAMS 0x0000000084700000, 0x0000000084600000| Untracked 
|  71|0x0000000084700000, 0x0000000084800000, 0x0000000084800000|100%| O|  |TAMS 0x0000000084700000, 0x0000000084700000| Untracked 
|  72|0x0000000084800000, 0x0000000084900000, 0x0000000084900000|100%| O|  |TAMS 0x0000000084800000, 0x0000000084800000| Untracked 
|  73|0x0000000084900000, 0x0000000084a00000, 0x0000000084a00000|100%| O|  |TAMS 0x0000000084a00000, 0x0000000084900000| Untracked 
|  74|0x0000000084a00000, 0x0000000084b00000, 0x0000000084b00000|100%| O|  |TAMS 0x0000000084b00000, 0x0000000084a00000| Untracked 
|  75|0x0000000084b00000, 0x0000000084c00000, 0x0000000084c00000|100%| O|  |TAMS 0x0000000084b00000, 0x0000000084b00000| Untracked 
|  76|0x0000000084c00000, 0x0000000084d00000, 0x0000000084d00000|100%| O|  |TAMS 0x0000000084c00000, 0x0000000084c00000| Untracked 
|  77|0x0000000084d00000, 0x0000000084e00000, 0x0000000084e00000|100%| O|  |TAMS 0x0000000084e00000, 0x0000000084d00000| Untracked 
|  78|0x0000000084e00000, 0x0000000084f00000, 0x0000000084f00000|100%| O|  |TAMS 0x0000000084e00000, 0x0000000084e00000| Untracked 
|  79|0x0000000084f00000, 0x0000000085000000, 0x0000000085000000|100%| O|  |TAMS 0x0000000085000000, 0x0000000084f00000| Untracked 
|  80|0x0000000085000000, 0x0000000085100000, 0x0000000085100000|100%| O|  |TAMS 0x0000000085100000, 0x0000000085000000| Untracked 
|  81|0x0000000085100000, 0x0000000085200000, 0x0000000085200000|100%| O|  |TAMS 0x0000000085100000, 0x0000000085100000| Untracked 
|  82|0x0000000085200000, 0x0000000085300000, 0x0000000085300000|100%| O|  |TAMS 0x0000000085300000, 0x0000000085200000| Untracked 
|  83|0x0000000085300000, 0x0000000085400000, 0x0000000085400000|100%| O|  |TAMS 0x0000000085400000, 0x0000000085300000| Untracked 
|  84|0x0000000085400000, 0x0000000085500000, 0x0000000085500000|100%| O|  |TAMS 0x0000000085500000, 0x0000000085400000| Untracked 
|  85|0x0000000085500000, 0x0000000085600000, 0x0000000085600000|100%| O|  |TAMS 0x0000000085600000, 0x0000000085500000| Untracked 
|  86|0x0000000085600000, 0x0000000085700000, 0x0000000085700000|100%|HS|  |TAMS 0x0000000085700000, 0x0000000085600000| Complete 
|  87|0x0000000085700000, 0x0000000085800000, 0x0000000085800000|100%|HS|  |TAMS 0x0000000085800000, 0x0000000085700000| Complete 
|  88|0x0000000085800000, 0x0000000085900000, 0x0000000085900000|100%|HC|  |TAMS 0x0000000085900000, 0x0000000085800000| Complete 
|  89|0x0000000085900000, 0x0000000085a00000, 0x0000000085a00000|100%|HC|  |TAMS 0x0000000085a00000, 0x0000000085900000| Complete 
|  90|0x0000000085a00000, 0x0000000085b00000, 0x0000000085b00000|100%| O|  |TAMS 0x0000000085b00000, 0x0000000085a00000| Untracked 
|  91|0x0000000085b00000, 0x0000000085c00000, 0x0000000085c00000|100%| O|  |TAMS 0x0000000085c00000, 0x0000000085b00000| Untracked 
|  92|0x0000000085c00000, 0x0000000085d00000, 0x0000000085d00000|100%| O|  |TAMS 0x0000000085d00000, 0x0000000085c00000| Untracked 
|  93|0x0000000085d00000, 0x0000000085e00000, 0x0000000085e00000|100%| O|  |TAMS 0x0000000085e00000, 0x0000000085d00000| Untracked 
|  94|0x0000000085e00000, 0x0000000085f00000, 0x0000000085f00000|100%| O|  |TAMS 0x0000000085f00000, 0x0000000085e00000| Untracked 
|  95|0x0000000085f00000, 0x0000000086000000, 0x0000000086000000|100%| O|  |TAMS 0x0000000086000000, 0x0000000085f00000| Untracked 
|  96|0x0000000086000000, 0x0000000086100000, 0x0000000086100000|100%| O|  |TAMS 0x0000000086100000, 0x0000000086000000| Untracked 
|  97|0x0000000086100000, 0x0000000086200000, 0x0000000086200000|100%| O|  |TAMS 0x0000000086200000, 0x0000000086100000| Untracked 
|  98|0x0000000086200000, 0x0000000086300000, 0x0000000086300000|100%| O|  |TAMS 0x0000000086300000, 0x0000000086200000| Untracked 
|  99|0x0000000086300000, 0x0000000086400000, 0x0000000086400000|100%| O|  |TAMS 0x0000000086400000, 0x0000000086300000| Untracked 
| 100|0x0000000086400000, 0x0000000086500000, 0x0000000086500000|100%| O|  |TAMS 0x0000000086500000, 0x0000000086400000| Untracked 
| 101|0x0000000086500000, 0x0000000086600000, 0x0000000086600000|100%|HS|  |TAMS 0x0000000086600000, 0x0000000086500000| Complete 
| 102|0x0000000086600000, 0x0000000086700000, 0x0000000086700000|100%|HS|  |TAMS 0x0000000086700000, 0x0000000086600000| Complete 
| 103|0x0000000086700000, 0x0000000086800000, 0x0000000086800000|100%| O|  |TAMS 0x0000000086800000, 0x0000000086700000| Untracked 
| 104|0x0000000086800000, 0x0000000086900000, 0x0000000086900000|100%| O|  |TAMS 0x0000000086900000, 0x0000000086800000| Untracked 
| 105|0x0000000086900000, 0x0000000086a00000, 0x0000000086a00000|100%| O|  |TAMS 0x0000000086a00000, 0x0000000086900000| Untracked 
| 106|0x0000000086a00000, 0x0000000086b00000, 0x0000000086b00000|100%| O|  |TAMS 0x0000000086b00000, 0x0000000086a00000| Untracked 
| 107|0x0000000086b00000, 0x0000000086c00000, 0x0000000086c00000|100%| O|  |TAMS 0x0000000086c00000, 0x0000000086b00000| Untracked 
| 108|0x0000000086c00000, 0x0000000086d00000, 0x0000000086d00000|100%| O|  |TAMS 0x0000000086d00000, 0x0000000086c00000| Untracked 
| 109|0x0000000086d00000, 0x0000000086e00000, 0x0000000086e00000|100%| O|  |TAMS 0x0000000086e00000, 0x0000000086d00000| Untracked 
| 110|0x0000000086e00000, 0x0000000086f00000, 0x0000000086f00000|100%| O|  |TAMS 0x0000000086f00000, 0x0000000086e00000| Untracked 
| 111|0x0000000086f00000, 0x0000000087000000, 0x0000000087000000|100%| O|  |TAMS 0x0000000087000000, 0x0000000086f00000| Untracked 
| 112|0x0000000087000000, 0x0000000087100000, 0x0000000087100000|100%| O|  |TAMS 0x0000000087100000, 0x0000000087000000| Untracked 
| 113|0x0000000087100000, 0x0000000087200000, 0x0000000087200000|100%| O|  |TAMS 0x0000000087200000, 0x0000000087100000| Untracked 
| 114|0x0000000087200000, 0x0000000087300000, 0x0000000087300000|100%| O|  |TAMS 0x0000000087300000, 0x0000000087200000| Untracked 
| 115|0x0000000087300000, 0x0000000087400000, 0x0000000087400000|100%| O|  |TAMS 0x0000000087400000, 0x0000000087300000| Untracked 
| 116|0x0000000087400000, 0x0000000087500000, 0x0000000087500000|100%| O|  |TAMS 0x0000000087500000, 0x0000000087400000| Untracked 
| 117|0x0000000087500000, 0x0000000087600000, 0x0000000087600000|100%| O|  |TAMS 0x0000000087500000, 0x0000000087500000| Untracked 
| 118|0x0000000087600000, 0x0000000087700000, 0x0000000087700000|100%| O|  |TAMS 0x0000000087700000, 0x0000000087600000| Untracked 
| 119|0x0000000087700000, 0x0000000087800000, 0x0000000087800000|100%| O|  |TAMS 0x0000000087800000, 0x0000000087700000| Untracked 
| 120|0x0000000087800000, 0x0000000087900000, 0x0000000087900000|100%| O|  |TAMS 0x0000000087900000, 0x0000000087800000| Untracked 
| 121|0x0000000087900000, 0x0000000087a00000, 0x0000000087a00000|100%| O|  |TAMS 0x0000000087a00000, 0x0000000087900000| Untracked 
| 122|0x0000000087a00000, 0x0000000087b00000, 0x0000000087b00000|100%| O|  |TAMS 0x0000000087b00000, 0x0000000087a00000| Untracked 
| 123|0x0000000087b00000, 0x0000000087c00000, 0x0000000087c00000|100%| O|  |TAMS 0x0000000087c00000, 0x0000000087b00000| Untracked 
| 124|0x0000000087c00000, 0x0000000087d00000, 0x0000000087d00000|100%| O|  |TAMS 0x0000000087d00000, 0x0000000087c00000| Untracked 
| 125|0x0000000087d00000, 0x0000000087e00000, 0x0000000087e00000|100%| O|  |TAMS 0x0000000087e00000, 0x0000000087d00000| Untracked 
| 126|0x0000000087e00000, 0x0000000087f00000, 0x0000000087f00000|100%| O|  |TAMS 0x0000000087e00000, 0x0000000087e00000| Untracked 
| 127|0x0000000087f00000, 0x0000000088000000, 0x0000000088000000|100%| O|  |TAMS 0x0000000087f00000, 0x0000000087f00000| Untracked 
| 128|0x0000000088000000, 0x0000000088100000, 0x0000000088100000|100%|HS|  |TAMS 0x0000000088100000, 0x0000000088000000| Complete 
| 129|0x0000000088100000, 0x0000000088200000, 0x0000000088200000|100%| O|  |TAMS 0x0000000088200000, 0x0000000088100000| Untracked 
| 130|0x0000000088200000, 0x0000000088300000, 0x0000000088300000|100%| O|  |TAMS 0x0000000088300000, 0x0000000088200000| Untracked 
| 131|0x0000000088300000, 0x0000000088400000, 0x0000000088400000|100%| O|  |TAMS 0x0000000088400000, 0x0000000088300000| Untracked 
| 132|0x0000000088400000, 0x0000000088500000, 0x0000000088500000|100%| O|  |TAMS 0x0000000088500000, 0x0000000088400000| Untracked 
| 133|0x0000000088500000, 0x0000000088600000, 0x0000000088600000|100%| O|  |TAMS 0x0000000088600000, 0x0000000088500000| Untracked 
| 134|0x0000000088600000, 0x0000000088700000, 0x0000000088700000|100%| O|  |TAMS 0x0000000088700000, 0x0000000088600000| Untracked 
| 135|0x0000000088700000, 0x0000000088800000, 0x0000000088800000|100%| O|  |TAMS 0x0000000088800000, 0x0000000088700000| Untracked 
| 136|0x0000000088800000, 0x0000000088900000, 0x0000000088900000|100%| O|  |TAMS 0x0000000088900000, 0x0000000088800000| Untracked 
| 137|0x0000000088900000, 0x0000000088a00000, 0x0000000088a00000|100%|HS|  |TAMS 0x0000000088a00000, 0x0000000088900000| Complete 
| 138|0x0000000088a00000, 0x0000000088b00000, 0x0000000088b00000|100%|HC|  |TAMS 0x0000000088b00000, 0x0000000088a00000| Complete 
| 139|0x0000000088b00000, 0x0000000088c00000, 0x0000000088c00000|100%|HS|  |TAMS 0x0000000088c00000, 0x0000000088b00000| Complete 
| 140|0x0000000088c00000, 0x0000000088d00000, 0x0000000088d00000|100%|HC|  |TAMS 0x0000000088d00000, 0x0000000088c00000| Complete 
| 141|0x0000000088d00000, 0x0000000088e00000, 0x0000000088e00000|100%| O|  |TAMS 0x0000000088e00000, 0x0000000088d00000| Untracked 
| 142|0x0000000088e00000, 0x0000000088f00000, 0x0000000088f00000|100%| O|  |TAMS 0x0000000088f00000, 0x0000000088e00000| Untracked 
| 143|0x0000000088f00000, 0x0000000089000000, 0x0000000089000000|100%| O|  |TAMS 0x0000000089000000, 0x0000000088f00000| Untracked 
| 144|0x0000000089000000, 0x0000000089100000, 0x0000000089100000|100%| O|  |TAMS 0x0000000089100000, 0x0000000089000000| Untracked 
| 145|0x0000000089100000, 0x0000000089200000, 0x0000000089200000|100%| O|  |TAMS 0x0000000089200000, 0x0000000089100000| Untracked 
| 146|0x0000000089200000, 0x0000000089300000, 0x0000000089300000|100%| O|  |TAMS 0x0000000089300000, 0x0000000089200000| Untracked 
| 147|0x0000000089300000, 0x0000000089400000, 0x0000000089400000|100%| O|  |TAMS 0x0000000089400000, 0x0000000089300000| Untracked 
| 148|0x0000000089400000, 0x0000000089500000, 0x0000000089500000|100%| O|  |TAMS 0x0000000089500000, 0x0000000089400000| Untracked 
| 149|0x0000000089500000, 0x0000000089600000, 0x0000000089600000|100%| O|  |TAMS 0x0000000089600000, 0x0000000089500000| Untracked 
| 150|0x0000000089600000, 0x000000008962b800, 0x0000000089700000| 16%| O|  |TAMS 0x0000000089600000, 0x0000000089600000| Untracked 
| 151|0x0000000089700000, 0x0000000089800000, 0x0000000089800000|100%| O|  |TAMS 0x0000000089800000, 0x0000000089700000| Untracked 
| 152|0x0000000089800000, 0x0000000089900000, 0x0000000089900000|100%| O|  |TAMS 0x0000000089900000, 0x0000000089800000| Untracked 
| 153|0x0000000089900000, 0x0000000089a00000, 0x0000000089a00000|100%| O|  |TAMS 0x0000000089a00000, 0x0000000089900000| Untracked 
| 154|0x0000000089a00000, 0x0000000089b00000, 0x0000000089b00000|100%| O|  |TAMS 0x0000000089b00000, 0x0000000089a00000| Untracked 
| 155|0x0000000089b00000, 0x0000000089c00000, 0x0000000089c00000|100%| O|  |TAMS 0x0000000089c00000, 0x0000000089b00000| Untracked 
| 156|0x0000000089c00000, 0x0000000089c00000, 0x0000000089d00000|  0%| F|  |TAMS 0x0000000089c00000, 0x0000000089c00000| Untracked 
| 157|0x0000000089d00000, 0x0000000089e00000, 0x0000000089e00000|100%| O|  |TAMS 0x0000000089e00000, 0x0000000089d00000| Untracked 
| 158|0x0000000089e00000, 0x0000000089f00000, 0x0000000089f00000|100%| O|  |TAMS 0x0000000089f00000, 0x0000000089e00000| Untracked 
| 159|0x0000000089f00000, 0x000000008a000000, 0x000000008a000000|100%| O|  |TAMS 0x000000008a000000, 0x0000000089f00000| Untracked 
| 160|0x000000008a000000, 0x000000008a100000, 0x000000008a100000|100%| O|  |TAMS 0x000000008a100000, 0x000000008a000000| Untracked 
| 161|0x000000008a100000, 0x000000008a200000, 0x000000008a200000|100%| O|  |TAMS 0x000000008a200000, 0x000000008a100000| Untracked 
| 162|0x000000008a200000, 0x000000008a300000, 0x000000008a300000|100%| O|  |TAMS 0x000000008a300000, 0x000000008a200000| Untracked 
| 163|0x000000008a300000, 0x000000008a400000, 0x000000008a400000|100%| O|  |TAMS 0x000000008a400000, 0x000000008a300000| Untracked 
| 164|0x000000008a400000, 0x000000008a500000, 0x000000008a500000|100%| O|  |TAMS 0x000000008a500000, 0x000000008a400000| Untracked 
| 165|0x000000008a500000, 0x000000008a600000, 0x000000008a600000|100%| O|  |TAMS 0x000000008a600000, 0x000000008a500000| Untracked 
| 166|0x000000008a600000, 0x000000008a700000, 0x000000008a700000|100%| O|  |TAMS 0x000000008a700000, 0x000000008a600000| Untracked 
| 167|0x000000008a700000, 0x000000008a800000, 0x000000008a800000|100%| O|  |TAMS 0x000000008a800000, 0x000000008a700000| Untracked 
| 168|0x000000008a800000, 0x000000008a900000, 0x000000008a900000|100%| O|  |TAMS 0x000000008a900000, 0x000000008a800000| Untracked 
| 169|0x000000008a900000, 0x000000008aa00000, 0x000000008aa00000|100%| O|  |TAMS 0x000000008aa00000, 0x000000008a900000| Untracked 
| 170|0x000000008aa00000, 0x000000008ab00000, 0x000000008ab00000|100%| O|  |TAMS 0x000000008ab00000, 0x000000008aa00000| Untracked 
| 171|0x000000008ab00000, 0x000000008ac00000, 0x000000008ac00000|100%| O|  |TAMS 0x000000008ac00000, 0x000000008ab00000| Untracked 
| 172|0x000000008ac00000, 0x000000008ad00000, 0x000000008ad00000|100%| O|  |TAMS 0x000000008ad00000, 0x000000008ac00000| Untracked 
| 173|0x000000008ad00000, 0x000000008ae00000, 0x000000008ae00000|100%| O|  |TAMS 0x000000008ae00000, 0x000000008ad00000| Untracked 
| 174|0x000000008ae00000, 0x000000008af00000, 0x000000008af00000|100%| O|  |TAMS 0x000000008af00000, 0x000000008ae00000| Untracked 
| 175|0x000000008af00000, 0x000000008b000000, 0x000000008b000000|100%| O|  |TAMS 0x000000008b000000, 0x000000008af00000| Untracked 
| 176|0x000000008b000000, 0x000000008b100000, 0x000000008b100000|100%| O|  |TAMS 0x000000008b100000, 0x000000008b000000| Untracked 
| 177|0x000000008b100000, 0x000000008b200000, 0x000000008b200000|100%| O|  |TAMS 0x000000008b200000, 0x000000008b100000| Untracked 
| 178|0x000000008b200000, 0x000000008b300000, 0x000000008b300000|100%| O|  |TAMS 0x000000008b300000, 0x000000008b200000| Untracked 
| 179|0x000000008b300000, 0x000000008b400000, 0x000000008b400000|100%| O|  |TAMS 0x000000008b400000, 0x000000008b300000| Untracked 
| 180|0x000000008b400000, 0x000000008b500000, 0x000000008b500000|100%| O|  |TAMS 0x000000008b500000, 0x000000008b400000| Untracked 
| 181|0x000000008b500000, 0x000000008b600000, 0x000000008b600000|100%| O|  |TAMS 0x000000008b600000, 0x000000008b500000| Untracked 
| 182|0x000000008b600000, 0x000000008b700000, 0x000000008b700000|100%| O|  |TAMS 0x000000008b700000, 0x000000008b600000| Untracked 
| 183|0x000000008b700000, 0x000000008b800000, 0x000000008b800000|100%| O|  |TAMS 0x000000008b800000, 0x000000008b700000| Untracked 
| 184|0x000000008b800000, 0x000000008b900000, 0x000000008b900000|100%| O|  |TAMS 0x000000008b900000, 0x000000008b800000| Untracked 
| 185|0x000000008b900000, 0x000000008ba00000, 0x000000008ba00000|100%| O|  |TAMS 0x000000008ba00000, 0x000000008b900000| Untracked 
| 186|0x000000008ba00000, 0x000000008bb00000, 0x000000008bb00000|100%| O|  |TAMS 0x000000008bb00000, 0x000000008ba00000| Untracked 
| 187|0x000000008bb00000, 0x000000008bc00000, 0x000000008bc00000|100%| O|  |TAMS 0x000000008bc00000, 0x000000008bb00000| Untracked 
| 188|0x000000008bc00000, 0x000000008bd00000, 0x000000008bd00000|100%|HS|  |TAMS 0x000000008bd00000, 0x000000008bc00000| Complete 
| 189|0x000000008bd00000, 0x000000008be00000, 0x000000008be00000|100%|HS|  |TAMS 0x000000008be00000, 0x000000008bd00000| Complete 
| 190|0x000000008be00000, 0x000000008bf00000, 0x000000008bf00000|100%| O|  |TAMS 0x000000008bf00000, 0x000000008be00000| Untracked 
| 191|0x000000008bf00000, 0x000000008bf00000, 0x000000008c000000|  0%| F|  |TAMS 0x000000008bf00000, 0x000000008bf00000| Untracked 
| 192|0x000000008c000000, 0x000000008c000000, 0x000000008c100000|  0%| F|  |TAMS 0x000000008c000000, 0x000000008c000000| Untracked 
| 193|0x000000008c100000, 0x000000008c200000, 0x000000008c200000|100%| O|  |TAMS 0x000000008c200000, 0x000000008c100000| Untracked 
| 194|0x000000008c200000, 0x000000008c300000, 0x000000008c300000|100%| O|  |TAMS 0x000000008c300000, 0x000000008c200000| Untracked 
| 195|0x000000008c300000, 0x000000008c400000, 0x000000008c400000|100%| O|  |TAMS 0x000000008c400000, 0x000000008c300000| Untracked 
| 196|0x000000008c400000, 0x000000008c500000, 0x000000008c500000|100%| O|  |TAMS 0x000000008c500000, 0x000000008c400000| Untracked 
| 197|0x000000008c500000, 0x000000008c600000, 0x000000008c600000|100%| O|  |TAMS 0x000000008c600000, 0x000000008c500000| Untracked 
| 198|0x000000008c600000, 0x000000008c600000, 0x000000008c700000|  0%| F|  |TAMS 0x000000008c600000, 0x000000008c600000| Untracked 
| 199|0x000000008c700000, 0x000000008c800000, 0x000000008c800000|100%| O|  |TAMS 0x000000008c800000, 0x000000008c700000| Untracked 
| 200|0x000000008c800000, 0x000000008c900000, 0x000000008c900000|100%| O|  |TAMS 0x000000008c900000, 0x000000008c800000| Untracked 
| 201|0x000000008c900000, 0x000000008ca00000, 0x000000008ca00000|100%| O|  |TAMS 0x000000008ca00000, 0x000000008c900000| Untracked 
| 202|0x000000008ca00000, 0x000000008cb00000, 0x000000008cb00000|100%| O|  |TAMS 0x000000008cb00000, 0x000000008ca00000| Untracked 
| 203|0x000000008cb00000, 0x000000008cc00000, 0x000000008cc00000|100%| O|  |TAMS 0x000000008cc00000, 0x000000008cb00000| Untracked 
| 204|0x000000008cc00000, 0x000000008cd00000, 0x000000008cd00000|100%|HS|  |TAMS 0x000000008cd00000, 0x000000008cc00000| Complete 
| 205|0x000000008cd00000, 0x000000008ce00000, 0x000000008ce00000|100%|HC|  |TAMS 0x000000008ce00000, 0x000000008cd00000| Complete 
| 206|0x000000008ce00000, 0x000000008cf00000, 0x000000008cf00000|100%| O|  |TAMS 0x000000008cf00000, 0x000000008ce00000| Untracked 
| 207|0x000000008cf00000, 0x000000008d000000, 0x000000008d000000|100%| O|  |TAMS 0x000000008d000000, 0x000000008cf00000| Untracked 
| 208|0x000000008d000000, 0x000000008d100000, 0x000000008d100000|100%| O|  |TAMS 0x000000008d100000, 0x000000008d000000| Untracked 
| 209|0x000000008d100000, 0x000000008d200000, 0x000000008d200000|100%| O|  |TAMS 0x000000008d200000, 0x000000008d100000| Untracked 
| 210|0x000000008d200000, 0x000000008d300000, 0x000000008d300000|100%| O|  |TAMS 0x000000008d300000, 0x000000008d200000| Untracked 
| 211|0x000000008d300000, 0x000000008d400000, 0x000000008d400000|100%| O|  |TAMS 0x000000008d400000, 0x000000008d300000| Untracked 
| 212|0x000000008d400000, 0x000000008d500000, 0x000000008d500000|100%| O|  |TAMS 0x000000008d500000, 0x000000008d400000| Untracked 
| 213|0x000000008d500000, 0x000000008d600000, 0x000000008d600000|100%| O|  |TAMS 0x000000008d600000, 0x000000008d500000| Untracked 
| 214|0x000000008d600000, 0x000000008d700000, 0x000000008d700000|100%| O|  |TAMS 0x000000008d700000, 0x000000008d600000| Untracked 
| 215|0x000000008d700000, 0x000000008d800000, 0x000000008d800000|100%| O|  |TAMS 0x000000008d800000, 0x000000008d700000| Untracked 
| 216|0x000000008d800000, 0x000000008d900000, 0x000000008d900000|100%| O|  |TAMS 0x000000008d900000, 0x000000008d800000| Untracked 
| 217|0x000000008d900000, 0x000000008da00000, 0x000000008da00000|100%| O|  |TAMS 0x000000008da00000, 0x000000008d900000| Untracked 
| 218|0x000000008da00000, 0x000000008db00000, 0x000000008db00000|100%| O|  |TAMS 0x000000008db00000, 0x000000008da00000| Untracked 
| 219|0x000000008db00000, 0x000000008dc00000, 0x000000008dc00000|100%| O|  |TAMS 0x000000008dc00000, 0x000000008db00000| Untracked 
| 220|0x000000008dc00000, 0x000000008dd00000, 0x000000008dd00000|100%| O|  |TAMS 0x000000008dd00000, 0x000000008dc00000| Untracked 
| 221|0x000000008dd00000, 0x000000008de00000, 0x000000008de00000|100%| O|  |TAMS 0x000000008de00000, 0x000000008dd00000| Untracked 
| 222|0x000000008de00000, 0x000000008df00000, 0x000000008df00000|100%| O|  |TAMS 0x000000008df00000, 0x000000008de00000| Untracked 
| 223|0x000000008df00000, 0x000000008e000000, 0x000000008e000000|100%| O|  |TAMS 0x000000008e000000, 0x000000008df00000| Untracked 
| 224|0x000000008e000000, 0x000000008e100000, 0x000000008e100000|100%| O|  |TAMS 0x000000008e100000, 0x000000008e000000| Untracked 
| 225|0x000000008e100000, 0x000000008e200000, 0x000000008e200000|100%| O|  |TAMS 0x000000008e200000, 0x000000008e100000| Untracked 
| 226|0x000000008e200000, 0x000000008e300000, 0x000000008e300000|100%| O|  |TAMS 0x000000008e300000, 0x000000008e200000| Untracked 
| 227|0x000000008e300000, 0x000000008e400000, 0x000000008e400000|100%| O|  |TAMS 0x000000008e400000, 0x000000008e300000| Untracked 
| 228|0x000000008e400000, 0x000000008e500000, 0x000000008e500000|100%| O|  |TAMS 0x000000008e500000, 0x000000008e400000| Untracked 
| 229|0x000000008e500000, 0x000000008e600000, 0x000000008e600000|100%| O|  |TAMS 0x000000008e600000, 0x000000008e500000| Untracked 
| 230|0x000000008e600000, 0x000000008e700000, 0x000000008e700000|100%| O|  |TAMS 0x000000008e700000, 0x000000008e600000| Untracked 
| 231|0x000000008e700000, 0x000000008e800000, 0x000000008e800000|100%| O|  |TAMS 0x000000008e800000, 0x000000008e700000| Untracked 
| 232|0x000000008e800000, 0x000000008e900000, 0x000000008e900000|100%| O|  |TAMS 0x000000008e900000, 0x000000008e800000| Untracked 
| 233|0x000000008e900000, 0x000000008ea00000, 0x000000008ea00000|100%| O|  |TAMS 0x000000008ea00000, 0x000000008e900000| Untracked 
| 234|0x000000008ea00000, 0x000000008eb00000, 0x000000008eb00000|100%| O|  |TAMS 0x000000008eb00000, 0x000000008ea00000| Untracked 
| 235|0x000000008eb00000, 0x000000008ec00000, 0x000000008ec00000|100%| O|  |TAMS 0x000000008ec00000, 0x000000008eb00000| Untracked 
| 236|0x000000008ec00000, 0x000000008ed00000, 0x000000008ed00000|100%| O|  |TAMS 0x000000008ed00000, 0x000000008ec00000| Untracked 
| 237|0x000000008ed00000, 0x000000008ee00000, 0x000000008ee00000|100%| O|  |TAMS 0x000000008ee00000, 0x000000008ed00000| Untracked 
| 238|0x000000008ee00000, 0x000000008ef00000, 0x000000008ef00000|100%| O|  |TAMS 0x000000008ef00000, 0x000000008ee00000| Untracked 
| 239|0x000000008ef00000, 0x000000008f000000, 0x000000008f000000|100%| O|  |TAMS 0x000000008f000000, 0x000000008ef00000| Untracked 
| 240|0x000000008f000000, 0x000000008f000000, 0x000000008f100000|  0%| F|  |TAMS 0x000000008f000000, 0x000000008f000000| Untracked 
| 241|0x000000008f100000, 0x000000008f200000, 0x000000008f200000|100%| O|  |TAMS 0x000000008f200000, 0x000000008f100000| Untracked 
| 242|0x000000008f200000, 0x000000008f300000, 0x000000008f300000|100%| O|  |TAMS 0x000000008f300000, 0x000000008f200000| Untracked 
| 243|0x000000008f300000, 0x000000008f400000, 0x000000008f400000|100%| O|  |TAMS 0x000000008f400000, 0x000000008f300000| Untracked 
| 244|0x000000008f400000, 0x000000008f400000, 0x000000008f500000|  0%| F|  |TAMS 0x000000008f400000, 0x000000008f400000| Untracked 
| 245|0x000000008f500000, 0x000000008f600000, 0x000000008f600000|100%| O|  |TAMS 0x000000008f600000, 0x000000008f500000| Untracked 
| 246|0x000000008f600000, 0x000000008f700000, 0x000000008f700000|100%| O|  |TAMS 0x000000008f700000, 0x000000008f600000| Untracked 
| 247|0x000000008f700000, 0x000000008f800000, 0x000000008f800000|100%| O|  |TAMS 0x000000008f800000, 0x000000008f700000| Untracked 
| 248|0x000000008f800000, 0x000000008f800000, 0x000000008f900000|  0%| F|  |TAMS 0x000000008f800000, 0x000000008f800000| Untracked 
| 249|0x000000008f900000, 0x000000008fa00000, 0x000000008fa00000|100%| O|  |TAMS 0x000000008fa00000, 0x000000008f900000| Untracked 
| 250|0x000000008fa00000, 0x000000008fb00000, 0x000000008fb00000|100%| O|  |TAMS 0x000000008fb00000, 0x000000008fa00000| Untracked 
| 251|0x000000008fb00000, 0x000000008fb00000, 0x000000008fc00000|  0%| F|  |TAMS 0x000000008fb00000, 0x000000008fb00000| Untracked 
| 252|0x000000008fc00000, 0x000000008fd00000, 0x000000008fd00000|100%| O|  |TAMS 0x000000008fd00000, 0x000000008fc00000| Untracked 
| 253|0x000000008fd00000, 0x000000008fe00000, 0x000000008fe00000|100%| O|  |TAMS 0x000000008fe00000, 0x000000008fd00000| Untracked 
| 254|0x000000008fe00000, 0x000000008ff00000, 0x000000008ff00000|100%| O|  |TAMS 0x000000008ff00000, 0x000000008fe00000| Untracked 
| 255|0x000000008ff00000, 0x0000000090000000, 0x0000000090000000|100%| O|  |TAMS 0x0000000090000000, 0x000000008ff00000| Untracked 
| 256|0x0000000090000000, 0x0000000090100000, 0x0000000090100000|100%| O|  |TAMS 0x0000000090100000, 0x0000000090000000| Untracked 
| 257|0x0000000090100000, 0x0000000090200000, 0x0000000090200000|100%| O|  |TAMS 0x0000000090200000, 0x0000000090100000| Untracked 
| 258|0x0000000090200000, 0x0000000090300000, 0x0000000090300000|100%| O|  |TAMS 0x0000000090300000, 0x0000000090200000| Untracked 
| 259|0x0000000090300000, 0x0000000090400000, 0x0000000090400000|100%| O|  |TAMS 0x0000000090400000, 0x0000000090300000| Untracked 
| 260|0x0000000090400000, 0x0000000090500000, 0x0000000090500000|100%| O|  |TAMS 0x0000000090500000, 0x0000000090400000| Untracked 
| 261|0x0000000090500000, 0x0000000090600000, 0x0000000090600000|100%| O|  |TAMS 0x0000000090600000, 0x0000000090500000| Untracked 
| 262|0x0000000090600000, 0x0000000090700000, 0x0000000090700000|100%| O|  |TAMS 0x0000000090700000, 0x0000000090600000| Untracked 
| 263|0x0000000090700000, 0x0000000090800000, 0x0000000090800000|100%| O|  |TAMS 0x0000000090800000, 0x0000000090700000| Untracked 
| 264|0x0000000090800000, 0x0000000090800000, 0x0000000090900000|  0%| F|  |TAMS 0x0000000090800000, 0x0000000090800000| Untracked 
| 265|0x0000000090900000, 0x0000000090a00000, 0x0000000090a00000|100%| O|  |TAMS 0x0000000090a00000, 0x0000000090900000| Untracked 
| 266|0x0000000090a00000, 0x0000000090a00000, 0x0000000090b00000|  0%| F|  |TAMS 0x0000000090a00000, 0x0000000090a00000| Untracked 
| 267|0x0000000090b00000, 0x0000000090c00000, 0x0000000090c00000|100%| O|  |TAMS 0x0000000090c00000, 0x0000000090b00000| Untracked 
| 268|0x0000000090c00000, 0x0000000090d00000, 0x0000000090d00000|100%| O|  |TAMS 0x0000000090d00000, 0x0000000090c00000| Untracked 
| 269|0x0000000090d00000, 0x0000000090e00000, 0x0000000090e00000|100%| O|  |TAMS 0x0000000090e00000, 0x0000000090d00000| Untracked 
| 270|0x0000000090e00000, 0x0000000090f00000, 0x0000000090f00000|100%| O|  |TAMS 0x0000000090f00000, 0x0000000090e00000| Untracked 
| 271|0x0000000090f00000, 0x0000000091000000, 0x0000000091000000|100%| O|  |TAMS 0x0000000091000000, 0x0000000090f00000| Untracked 
| 272|0x0000000091000000, 0x0000000091100000, 0x0000000091100000|100%| O|  |TAMS 0x0000000091100000, 0x0000000091000000| Untracked 
| 273|0x0000000091100000, 0x0000000091200000, 0x0000000091200000|100%| O|  |TAMS 0x0000000091200000, 0x0000000091100000| Untracked 
| 274|0x0000000091200000, 0x0000000091300000, 0x0000000091300000|100%| O|  |TAMS 0x0000000091300000, 0x0000000091200000| Untracked 
| 275|0x0000000091300000, 0x0000000091400000, 0x0000000091400000|100%| O|  |TAMS 0x0000000091400000, 0x0000000091300000| Untracked 
| 276|0x0000000091400000, 0x0000000091500000, 0x0000000091500000|100%| O|  |TAMS 0x0000000091500000, 0x0000000091400000| Untracked 
| 277|0x0000000091500000, 0x0000000091600000, 0x0000000091600000|100%| O|  |TAMS 0x0000000091600000, 0x0000000091500000| Untracked 
| 278|0x0000000091600000, 0x0000000091700000, 0x0000000091700000|100%| O|  |TAMS 0x0000000091700000, 0x0000000091600000| Untracked 
| 279|0x0000000091700000, 0x0000000091800000, 0x0000000091800000|100%| O|  |TAMS 0x0000000091800000, 0x0000000091700000| Untracked 
| 280|0x0000000091800000, 0x0000000091900000, 0x0000000091900000|100%| O|  |TAMS 0x0000000091900000, 0x0000000091800000| Untracked 
| 281|0x0000000091900000, 0x0000000091a00000, 0x0000000091a00000|100%| O|  |TAMS 0x0000000091900000, 0x0000000091900000| Untracked 
| 282|0x0000000091a00000, 0x0000000091b00000, 0x0000000091b00000|100%| O|  |TAMS 0x0000000091a00000, 0x0000000091a00000| Untracked 
| 283|0x0000000091b00000, 0x0000000091c00000, 0x0000000091c00000|100%| O|  |TAMS 0x0000000091b00000, 0x0000000091b00000| Untracked 
| 284|0x0000000091c00000, 0x0000000091d00000, 0x0000000091d00000|100%| O|  |TAMS 0x0000000091c00000, 0x0000000091c00000| Untracked 
| 285|0x0000000091d00000, 0x0000000091e00000, 0x0000000091e00000|100%| O|  |TAMS 0x0000000091d00000, 0x0000000091d00000| Untracked 
| 286|0x0000000091e00000, 0x0000000091f00000, 0x0000000091f00000|100%| O|  |TAMS 0x0000000091e00000, 0x0000000091e00000| Untracked 
| 287|0x0000000091f00000, 0x0000000092000000, 0x0000000092000000|100%| O|  |TAMS 0x0000000091f00000, 0x0000000091f00000| Untracked 
| 288|0x0000000092000000, 0x0000000092100000, 0x0000000092100000|100%| O|  |TAMS 0x0000000092000000, 0x0000000092000000| Untracked 
| 289|0x0000000092100000, 0x0000000092200000, 0x0000000092200000|100%| O|  |TAMS 0x0000000092100000, 0x0000000092100000| Untracked 
| 290|0x0000000092200000, 0x0000000092300000, 0x0000000092300000|100%| O|  |TAMS 0x0000000092200000, 0x0000000092200000| Untracked 
| 291|0x0000000092300000, 0x0000000092300000, 0x0000000092400000|  0%| F|  |TAMS 0x0000000092300000, 0x0000000092300000| Untracked 
| 292|0x0000000092400000, 0x0000000092400000, 0x0000000092500000|  0%| F|  |TAMS 0x0000000092400000, 0x0000000092400000| Untracked 
| 293|0x0000000092500000, 0x0000000092600000, 0x0000000092600000|100%| O|  |TAMS 0x0000000092500000, 0x0000000092500000| Untracked 
| 294|0x0000000092600000, 0x0000000092700000, 0x0000000092700000|100%| O|  |TAMS 0x0000000092600000, 0x0000000092600000| Untracked 
| 295|0x0000000092700000, 0x0000000092800000, 0x0000000092800000|100%| O|  |TAMS 0x0000000092700000, 0x0000000092700000| Untracked 
| 296|0x0000000092800000, 0x0000000092900000, 0x0000000092900000|100%| O|  |TAMS 0x0000000092800000, 0x0000000092800000| Untracked 
| 297|0x0000000092900000, 0x0000000092a00000, 0x0000000092a00000|100%| O|  |TAMS 0x0000000092900000, 0x0000000092900000| Untracked 
| 298|0x0000000092a00000, 0x0000000092b00000, 0x0000000092b00000|100%| O|  |TAMS 0x0000000092a00000, 0x0000000092a00000| Untracked 
| 299|0x0000000092b00000, 0x0000000092c00000, 0x0000000092c00000|100%| O|  |TAMS 0x0000000092b00000, 0x0000000092b00000| Untracked 
| 300|0x0000000092c00000, 0x0000000092d00000, 0x0000000092d00000|100%| O|  |TAMS 0x0000000092c00000, 0x0000000092c00000| Untracked 
| 301|0x0000000092d00000, 0x0000000092e00000, 0x0000000092e00000|100%| O|  |TAMS 0x0000000092d00000, 0x0000000092d00000| Untracked 
| 302|0x0000000092e00000, 0x0000000092f00000, 0x0000000092f00000|100%| O|  |TAMS 0x0000000092e00000, 0x0000000092e00000| Untracked 
| 303|0x0000000092f00000, 0x0000000093000000, 0x0000000093000000|100%| O|  |TAMS 0x0000000092f00000, 0x0000000092f00000| Untracked 
| 304|0x0000000093000000, 0x0000000093100000, 0x0000000093100000|100%| O|  |TAMS 0x0000000093000000, 0x0000000093000000| Untracked 
| 305|0x0000000093100000, 0x0000000093200000, 0x0000000093200000|100%| O|  |TAMS 0x0000000093100000, 0x0000000093100000| Untracked 
| 306|0x0000000093200000, 0x0000000093300000, 0x0000000093300000|100%| O|  |TAMS 0x0000000093200000, 0x0000000093200000| Untracked 
| 307|0x0000000093300000, 0x0000000093400000, 0x0000000093400000|100%| O|  |TAMS 0x0000000093300000, 0x0000000093300000| Untracked 
| 308|0x0000000093400000, 0x0000000093500000, 0x0000000093500000|100%| O|  |TAMS 0x0000000093400000, 0x0000000093400000| Untracked 
| 309|0x0000000093500000, 0x0000000093600000, 0x0000000093600000|100%| O|  |TAMS 0x0000000093500000, 0x0000000093500000| Untracked 
| 310|0x0000000093600000, 0x0000000093700000, 0x0000000093700000|100%| O|  |TAMS 0x0000000093600000, 0x0000000093600000| Untracked 
| 311|0x0000000093700000, 0x0000000093800000, 0x0000000093800000|100%| O|  |TAMS 0x0000000093700000, 0x0000000093700000| Untracked 
| 312|0x0000000093800000, 0x0000000093800000, 0x0000000093900000|  0%| F|  |TAMS 0x0000000093800000, 0x0000000093800000| Untracked 
| 313|0x0000000093900000, 0x0000000093900000, 0x0000000093a00000|  0%| F|  |TAMS 0x0000000093900000, 0x0000000093900000| Untracked 
| 314|0x0000000093a00000, 0x0000000093a00000, 0x0000000093b00000|  0%| F|  |TAMS 0x0000000093a00000, 0x0000000093a00000| Untracked 
| 315|0x0000000093b00000, 0x0000000093b00000, 0x0000000093c00000|  0%| F|  |TAMS 0x0000000093b00000, 0x0000000093b00000| Untracked 
| 316|0x0000000093c00000, 0x0000000093c00000, 0x0000000093d00000|  0%| F|  |TAMS 0x0000000093c00000, 0x0000000093c00000| Untracked 
| 317|0x0000000093d00000, 0x0000000093d00000, 0x0000000093e00000|  0%| F|  |TAMS 0x0000000093d00000, 0x0000000093d00000| Untracked 
| 318|0x0000000093e00000, 0x0000000093e00000, 0x0000000093f00000|  0%| F|  |TAMS 0x0000000093e00000, 0x0000000093e00000| Untracked 
| 319|0x0000000093f00000, 0x0000000093f00000, 0x0000000094000000|  0%| F|  |TAMS 0x0000000093f00000, 0x0000000093f00000| Untracked 
| 320|0x0000000094000000, 0x0000000094000000, 0x0000000094100000|  0%| F|  |TAMS 0x0000000094000000, 0x0000000094000000| Untracked 
| 321|0x0000000094100000, 0x0000000094100000, 0x0000000094200000|  0%| F|  |TAMS 0x0000000094100000, 0x0000000094100000| Untracked 
| 322|0x0000000094200000, 0x0000000094200000, 0x0000000094300000|  0%| F|  |TAMS 0x0000000094200000, 0x0000000094200000| Untracked 
| 323|0x0000000094300000, 0x0000000094300000, 0x0000000094400000|  0%| F|  |TAMS 0x0000000094300000, 0x0000000094300000| Untracked 
| 324|0x0000000094400000, 0x0000000094400000, 0x0000000094500000|  0%| F|  |TAMS 0x0000000094400000, 0x0000000094400000| Untracked 
| 325|0x0000000094500000, 0x0000000094500000, 0x0000000094600000|  0%| F|  |TAMS 0x0000000094500000, 0x0000000094500000| Untracked 
| 326|0x0000000094600000, 0x0000000094600000, 0x0000000094700000|  0%| F|  |TAMS 0x0000000094600000, 0x0000000094600000| Untracked 
| 327|0x0000000094700000, 0x0000000094700000, 0x0000000094800000|  0%| F|  |TAMS 0x0000000094700000, 0x0000000094700000| Untracked 
| 328|0x0000000094800000, 0x0000000094800000, 0x0000000094900000|  0%| F|  |TAMS 0x0000000094800000, 0x0000000094800000| Untracked 
| 329|0x0000000094900000, 0x0000000094900000, 0x0000000094a00000|  0%| F|  |TAMS 0x0000000094900000, 0x0000000094900000| Untracked 
| 330|0x0000000094a00000, 0x0000000094a00000, 0x0000000094b00000|  0%| F|  |TAMS 0x0000000094a00000, 0x0000000094a00000| Untracked 
| 331|0x0000000094b00000, 0x0000000094b00000, 0x0000000094c00000|  0%| F|  |TAMS 0x0000000094b00000, 0x0000000094b00000| Untracked 
| 332|0x0000000094c00000, 0x0000000094c00000, 0x0000000094d00000|  0%| F|  |TAMS 0x0000000094c00000, 0x0000000094c00000| Untracked 
| 333|0x0000000094d00000, 0x0000000094d00000, 0x0000000094e00000|  0%| F|  |TAMS 0x0000000094d00000, 0x0000000094d00000| Untracked 
| 334|0x0000000094e00000, 0x0000000094e00000, 0x0000000094f00000|  0%| F|  |TAMS 0x0000000094e00000, 0x0000000094e00000| Untracked 
| 335|0x0000000094f00000, 0x0000000094f00000, 0x0000000095000000|  0%| F|  |TAMS 0x0000000094f00000, 0x0000000094f00000| Untracked 
| 336|0x0000000095000000, 0x0000000095000000, 0x0000000095100000|  0%| F|  |TAMS 0x0000000095000000, 0x0000000095000000| Untracked 
| 337|0x0000000095100000, 0x0000000095100000, 0x0000000095200000|  0%| F|  |TAMS 0x0000000095100000, 0x0000000095100000| Untracked 
| 338|0x0000000095200000, 0x0000000095200000, 0x0000000095300000|  0%| F|  |TAMS 0x0000000095200000, 0x0000000095200000| Untracked 
| 339|0x0000000095300000, 0x0000000095300000, 0x0000000095400000|  0%| F|  |TAMS 0x0000000095300000, 0x0000000095300000| Untracked 
| 340|0x0000000095400000, 0x0000000095400000, 0x0000000095500000|  0%| F|  |TAMS 0x0000000095400000, 0x0000000095400000| Untracked 
| 341|0x0000000095500000, 0x0000000095500000, 0x0000000095600000|  0%| F|  |TAMS 0x0000000095500000, 0x0000000095500000| Untracked 
| 342|0x0000000095600000, 0x0000000095600000, 0x0000000095700000|  0%| F|  |TAMS 0x0000000095600000, 0x0000000095600000| Untracked 
| 343|0x0000000095700000, 0x0000000095700000, 0x0000000095800000|  0%| F|  |TAMS 0x0000000095700000, 0x0000000095700000| Untracked 
| 344|0x0000000095800000, 0x0000000095800000, 0x0000000095900000|  0%| F|  |TAMS 0x0000000095800000, 0x0000000095800000| Untracked 
| 345|0x0000000095900000, 0x0000000095900000, 0x0000000095a00000|  0%| F|  |TAMS 0x0000000095900000, 0x0000000095900000| Untracked 
| 346|0x0000000095a00000, 0x0000000095a00000, 0x0000000095b00000|  0%| F|  |TAMS 0x0000000095a00000, 0x0000000095a00000| Untracked 
| 347|0x0000000095b00000, 0x0000000095b00000, 0x0000000095c00000|  0%| F|  |TAMS 0x0000000095b00000, 0x0000000095b00000| Untracked 
| 348|0x0000000095c00000, 0x0000000095c00000, 0x0000000095d00000|  0%| F|  |TAMS 0x0000000095c00000, 0x0000000095c00000| Untracked 
| 349|0x0000000095d00000, 0x0000000095d00000, 0x0000000095e00000|  0%| F|  |TAMS 0x0000000095d00000, 0x0000000095d00000| Untracked 
| 350|0x0000000095e00000, 0x0000000095e00000, 0x0000000095f00000|  0%| F|  |TAMS 0x0000000095e00000, 0x0000000095e00000| Untracked 
| 351|0x0000000095f00000, 0x0000000095f00000, 0x0000000096000000|  0%| F|  |TAMS 0x0000000095f00000, 0x0000000095f00000| Untracked 
| 352|0x0000000096000000, 0x0000000096000000, 0x0000000096100000|  0%| F|  |TAMS 0x0000000096000000, 0x0000000096000000| Untracked 
| 353|0x0000000096100000, 0x0000000096100000, 0x0000000096200000|  0%| F|  |TAMS 0x0000000096100000, 0x0000000096100000| Untracked 
| 354|0x0000000096200000, 0x0000000096200000, 0x0000000096300000|  0%| F|  |TAMS 0x0000000096200000, 0x0000000096200000| Untracked 
| 355|0x0000000096300000, 0x0000000096300000, 0x0000000096400000|  0%| F|  |TAMS 0x0000000096300000, 0x0000000096300000| Untracked 
| 356|0x0000000096400000, 0x00000000964e6a88, 0x0000000096500000| 90%| S|CS|TAMS 0x0000000096400000, 0x0000000096400000| Complete 
| 357|0x0000000096500000, 0x0000000096600000, 0x0000000096600000|100%| S|CS|TAMS 0x0000000096500000, 0x0000000096500000| Complete 
| 358|0x0000000096600000, 0x0000000096700000, 0x0000000096700000|100%| S|CS|TAMS 0x0000000096600000, 0x0000000096600000| Complete 
| 359|0x0000000096700000, 0x0000000096800000, 0x0000000096800000|100%| S|CS|TAMS 0x0000000096700000, 0x0000000096700000| Complete 
| 360|0x0000000096800000, 0x0000000096900000, 0x0000000096900000|100%| S|CS|TAMS 0x0000000096800000, 0x0000000096800000| Complete 
| 361|0x0000000096900000, 0x0000000096a00000, 0x0000000096a00000|100%| S|CS|TAMS 0x0000000096900000, 0x0000000096900000| Complete 
| 362|0x0000000096a00000, 0x0000000096a00000, 0x0000000096b00000|  0%| F|  |TAMS 0x0000000096a00000, 0x0000000096a00000| Untracked 
| 363|0x0000000096b00000, 0x0000000096b00000, 0x0000000096c00000|  0%| F|  |TAMS 0x0000000096b00000, 0x0000000096b00000| Untracked 
| 364|0x0000000096c00000, 0x0000000096c00000, 0x0000000096d00000|  0%| F|  |TAMS 0x0000000096c00000, 0x0000000096c00000| Untracked 
| 365|0x0000000096d00000, 0x0000000096d00000, 0x0000000096e00000|  0%| F|  |TAMS 0x0000000096d00000, 0x0000000096d00000| Untracked 
| 366|0x0000000096e00000, 0x0000000096e00000, 0x0000000096f00000|  0%| F|  |TAMS 0x0000000096e00000, 0x0000000096e00000| Untracked 
| 367|0x0000000096f00000, 0x0000000096f00000, 0x0000000097000000|  0%| F|  |TAMS 0x0000000096f00000, 0x0000000096f00000| Untracked 
| 368|0x0000000097000000, 0x0000000097000000, 0x0000000097100000|  0%| F|  |TAMS 0x0000000097000000, 0x0000000097000000| Untracked 
| 369|0x0000000097100000, 0x0000000097100000, 0x0000000097200000|  0%| F|  |TAMS 0x0000000097100000, 0x0000000097100000| Untracked 
| 370|0x0000000097200000, 0x0000000097200000, 0x0000000097300000|  0%| F|  |TAMS 0x0000000097200000, 0x0000000097200000| Untracked 
| 371|0x0000000097300000, 0x0000000097300000, 0x0000000097400000|  0%| F|  |TAMS 0x0000000097300000, 0x0000000097300000| Untracked 
| 372|0x0000000097400000, 0x0000000097400000, 0x0000000097500000|  0%| F|  |TAMS 0x0000000097400000, 0x0000000097400000| Untracked 
| 373|0x0000000097500000, 0x0000000097500000, 0x0000000097600000|  0%| F|  |TAMS 0x0000000097500000, 0x0000000097500000| Untracked 
| 374|0x0000000097600000, 0x0000000097700000, 0x0000000097700000|100%| S|CS|TAMS 0x0000000097600000, 0x0000000097600000| Complete 
| 375|0x0000000097700000, 0x0000000097800000, 0x0000000097800000|100%| S|CS|TAMS 0x0000000097700000, 0x0000000097700000| Complete 
| 376|0x0000000097800000, 0x0000000097900000, 0x0000000097900000|100%| S|CS|TAMS 0x0000000097800000, 0x0000000097800000| Complete 
| 377|0x0000000097900000, 0x0000000097a00000, 0x0000000097a00000|100%| S|CS|TAMS 0x0000000097900000, 0x0000000097900000| Complete 
| 378|0x0000000097a00000, 0x0000000097b00000, 0x0000000097b00000|100%| S|CS|TAMS 0x0000000097a00000, 0x0000000097a00000| Complete 
| 379|0x0000000097b00000, 0x0000000097c00000, 0x0000000097c00000|100%| S|CS|TAMS 0x0000000097b00000, 0x0000000097b00000| Complete 
| 380|0x0000000097c00000, 0x0000000097d00000, 0x0000000097d00000|100%| S|CS|TAMS 0x0000000097c00000, 0x0000000097c00000| Complete 
| 381|0x0000000097d00000, 0x0000000097e00000, 0x0000000097e00000|100%| S|CS|TAMS 0x0000000097d00000, 0x0000000097d00000| Complete 
| 382|0x0000000097e00000, 0x0000000097e00000, 0x0000000097f00000|  0%| F|  |TAMS 0x0000000097e00000, 0x0000000097e00000| Untracked 
| 383|0x0000000097f00000, 0x0000000097f00000, 0x0000000098000000|  0%| F|  |TAMS 0x0000000097f00000, 0x0000000097f00000| Untracked 
| 384|0x0000000098000000, 0x0000000098000000, 0x0000000098100000|  0%| F|  |TAMS 0x0000000098000000, 0x0000000098000000| Untracked 
| 385|0x0000000098100000, 0x0000000098100000, 0x0000000098200000|  0%| F|  |TAMS 0x0000000098100000, 0x0000000098100000| Untracked 
| 386|0x0000000098200000, 0x0000000098200000, 0x0000000098300000|  0%| F|  |TAMS 0x0000000098200000, 0x0000000098200000| Untracked 
| 387|0x0000000098300000, 0x0000000098300000, 0x0000000098400000|  0%| F|  |TAMS 0x0000000098300000, 0x0000000098300000| Untracked 
| 388|0x0000000098400000, 0x0000000098400000, 0x0000000098500000|  0%| F|  |TAMS 0x0000000098400000, 0x0000000098400000| Untracked 
| 389|0x0000000098500000, 0x0000000098500000, 0x0000000098600000|  0%| F|  |TAMS 0x0000000098500000, 0x0000000098500000| Untracked 
| 390|0x0000000098600000, 0x0000000098600000, 0x0000000098700000|  0%| F|  |TAMS 0x0000000098600000, 0x0000000098600000| Untracked 
| 391|0x0000000098700000, 0x0000000098700000, 0x0000000098800000|  0%| F|  |TAMS 0x0000000098700000, 0x0000000098700000| Untracked 
| 392|0x0000000098800000, 0x0000000098800000, 0x0000000098900000|  0%| F|  |TAMS 0x0000000098800000, 0x0000000098800000| Untracked 
| 393|0x0000000098900000, 0x0000000098900000, 0x0000000098a00000|  0%| F|  |TAMS 0x0000000098900000, 0x0000000098900000| Untracked 
| 394|0x0000000098a00000, 0x0000000098a00000, 0x0000000098b00000|  0%| F|  |TAMS 0x0000000098a00000, 0x0000000098a00000| Untracked 
| 395|0x0000000098b00000, 0x0000000098b00000, 0x0000000098c00000|  0%| F|  |TAMS 0x0000000098b00000, 0x0000000098b00000| Untracked 
| 396|0x0000000098c00000, 0x0000000098c00000, 0x0000000098d00000|  0%| F|  |TAMS 0x0000000098c00000, 0x0000000098c00000| Untracked 
| 397|0x0000000098d00000, 0x0000000098d00000, 0x0000000098e00000|  0%| F|  |TAMS 0x0000000098d00000, 0x0000000098d00000| Untracked 
| 398|0x0000000098e00000, 0x0000000098e00000, 0x0000000098f00000|  0%| F|  |TAMS 0x0000000098e00000, 0x0000000098e00000| Untracked 
| 399|0x0000000098f00000, 0x0000000098f00000, 0x0000000099000000|  0%| F|  |TAMS 0x0000000098f00000, 0x0000000098f00000| Untracked 
| 400|0x0000000099000000, 0x0000000099000000, 0x0000000099100000|  0%| F|  |TAMS 0x0000000099000000, 0x0000000099000000| Untracked 
| 401|0x0000000099100000, 0x0000000099100000, 0x0000000099200000|  0%| F|  |TAMS 0x0000000099100000, 0x0000000099100000| Untracked 
| 402|0x0000000099200000, 0x0000000099200000, 0x0000000099300000|  0%| F|  |TAMS 0x0000000099200000, 0x0000000099200000| Untracked 
| 403|0x0000000099300000, 0x0000000099300000, 0x0000000099400000|  0%| F|  |TAMS 0x0000000099300000, 0x0000000099300000| Untracked 
| 404|0x0000000099400000, 0x0000000099400000, 0x0000000099500000|  0%| F|  |TAMS 0x0000000099400000, 0x0000000099400000| Untracked 
| 405|0x0000000099500000, 0x0000000099500000, 0x0000000099600000|  0%| F|  |TAMS 0x0000000099500000, 0x0000000099500000| Untracked 
| 406|0x0000000099600000, 0x0000000099600000, 0x0000000099700000|  0%| F|  |TAMS 0x0000000099600000, 0x0000000099600000| Untracked 
| 407|0x0000000099700000, 0x0000000099700000, 0x0000000099800000|  0%| F|  |TAMS 0x0000000099700000, 0x0000000099700000| Untracked 
| 408|0x0000000099800000, 0x0000000099800000, 0x0000000099900000|  0%| F|  |TAMS 0x0000000099800000, 0x0000000099800000| Untracked 
| 409|0x0000000099900000, 0x0000000099900000, 0x0000000099a00000|  0%| F|  |TAMS 0x0000000099900000, 0x0000000099900000| Untracked 
| 410|0x0000000099a00000, 0x0000000099a00000, 0x0000000099b00000|  0%| F|  |TAMS 0x0000000099a00000, 0x0000000099a00000| Untracked 
| 411|0x0000000099b00000, 0x0000000099b00000, 0x0000000099c00000|  0%| F|  |TAMS 0x0000000099b00000, 0x0000000099b00000| Untracked 
| 412|0x0000000099c00000, 0x0000000099c00000, 0x0000000099d00000|  0%| F|  |TAMS 0x0000000099c00000, 0x0000000099c00000| Untracked 
| 413|0x0000000099d00000, 0x0000000099d00000, 0x0000000099e00000|  0%| F|  |TAMS 0x0000000099d00000, 0x0000000099d00000| Untracked 
| 414|0x0000000099e00000, 0x0000000099e00000, 0x0000000099f00000|  0%| F|  |TAMS 0x0000000099e00000, 0x0000000099e00000| Untracked 
| 415|0x0000000099f00000, 0x0000000099f00000, 0x000000009a000000|  0%| F|  |TAMS 0x0000000099f00000, 0x0000000099f00000| Untracked 
| 416|0x000000009a000000, 0x000000009a000000, 0x000000009a100000|  0%| F|  |TAMS 0x000000009a000000, 0x000000009a000000| Untracked 
| 417|0x000000009a100000, 0x000000009a100000, 0x000000009a200000|  0%| F|  |TAMS 0x000000009a100000, 0x000000009a100000| Untracked 
| 418|0x000000009a200000, 0x000000009a200000, 0x000000009a300000|  0%| F|  |TAMS 0x000000009a200000, 0x000000009a200000| Untracked 
| 419|0x000000009a300000, 0x000000009a300000, 0x000000009a400000|  0%| F|  |TAMS 0x000000009a300000, 0x000000009a300000| Untracked 
| 420|0x000000009a400000, 0x000000009a400000, 0x000000009a500000|  0%| F|  |TAMS 0x000000009a400000, 0x000000009a400000| Untracked 
| 421|0x000000009a500000, 0x000000009a500000, 0x000000009a600000|  0%| F|  |TAMS 0x000000009a500000, 0x000000009a500000| Untracked 
| 422|0x000000009a600000, 0x000000009a600000, 0x000000009a700000|  0%| F|  |TAMS 0x000000009a600000, 0x000000009a600000| Untracked 
| 423|0x000000009a700000, 0x000000009a700000, 0x000000009a800000|  0%| F|  |TAMS 0x000000009a700000, 0x000000009a700000| Untracked 
| 424|0x000000009a800000, 0x000000009a800000, 0x000000009a900000|  0%| F|  |TAMS 0x000000009a800000, 0x000000009a800000| Untracked 
| 425|0x000000009a900000, 0x000000009a900000, 0x000000009aa00000|  0%| F|  |TAMS 0x000000009a900000, 0x000000009a900000| Untracked 
| 426|0x000000009aa00000, 0x000000009aa00000, 0x000000009ab00000|  0%| F|  |TAMS 0x000000009aa00000, 0x000000009aa00000| Untracked 
| 427|0x000000009ab00000, 0x000000009ab00000, 0x000000009ac00000|  0%| F|  |TAMS 0x000000009ab00000, 0x000000009ab00000| Untracked 
| 428|0x000000009ac00000, 0x000000009ac00000, 0x000000009ad00000|  0%| F|  |TAMS 0x000000009ac00000, 0x000000009ac00000| Untracked 
| 429|0x000000009ad00000, 0x000000009ad00000, 0x000000009ae00000|  0%| F|  |TAMS 0x000000009ad00000, 0x000000009ad00000| Untracked 
| 430|0x000000009ae00000, 0x000000009ae00000, 0x000000009af00000|  0%| F|  |TAMS 0x000000009ae00000, 0x000000009ae00000| Untracked 
| 431|0x000000009af00000, 0x000000009af00000, 0x000000009b000000|  0%| F|  |TAMS 0x000000009af00000, 0x000000009af00000| Untracked 
| 432|0x000000009b000000, 0x000000009b000000, 0x000000009b100000|  0%| F|  |TAMS 0x000000009b000000, 0x000000009b000000| Untracked 
| 433|0x000000009b100000, 0x000000009b100000, 0x000000009b200000|  0%| F|  |TAMS 0x000000009b100000, 0x000000009b100000| Untracked 
| 434|0x000000009b200000, 0x000000009b200000, 0x000000009b300000|  0%| F|  |TAMS 0x000000009b200000, 0x000000009b200000| Untracked 
| 435|0x000000009b300000, 0x000000009b300000, 0x000000009b400000|  0%| F|  |TAMS 0x000000009b300000, 0x000000009b300000| Untracked 
| 436|0x000000009b400000, 0x000000009b400000, 0x000000009b500000|  0%| F|  |TAMS 0x000000009b400000, 0x000000009b400000| Untracked 
| 437|0x000000009b500000, 0x000000009b500000, 0x000000009b600000|  0%| F|  |TAMS 0x000000009b500000, 0x000000009b500000| Untracked 
| 438|0x000000009b600000, 0x000000009b600000, 0x000000009b700000|  0%| F|  |TAMS 0x000000009b600000, 0x000000009b600000| Untracked 
| 439|0x000000009b700000, 0x000000009b700000, 0x000000009b800000|  0%| F|  |TAMS 0x000000009b700000, 0x000000009b700000| Untracked 
| 440|0x000000009b800000, 0x000000009b800000, 0x000000009b900000|  0%| F|  |TAMS 0x000000009b800000, 0x000000009b800000| Untracked 
| 441|0x000000009b900000, 0x000000009b900000, 0x000000009ba00000|  0%| F|  |TAMS 0x000000009b900000, 0x000000009b900000| Untracked 
| 442|0x000000009ba00000, 0x000000009ba00000, 0x000000009bb00000|  0%| F|  |TAMS 0x000000009ba00000, 0x000000009ba00000| Untracked 
| 443|0x000000009bb00000, 0x000000009bb00000, 0x000000009bc00000|  0%| F|  |TAMS 0x000000009bb00000, 0x000000009bb00000| Untracked 
| 444|0x000000009bc00000, 0x000000009bc00000, 0x000000009bd00000|  0%| F|  |TAMS 0x000000009bc00000, 0x000000009bc00000| Untracked 
| 445|0x000000009bd00000, 0x000000009bd00000, 0x000000009be00000|  0%| F|  |TAMS 0x000000009bd00000, 0x000000009bd00000| Untracked 
| 446|0x000000009be00000, 0x000000009be00000, 0x000000009bf00000|  0%| F|  |TAMS 0x000000009be00000, 0x000000009be00000| Untracked 
| 447|0x000000009bf00000, 0x000000009bf00000, 0x000000009c000000|  0%| F|  |TAMS 0x000000009bf00000, 0x000000009bf00000| Untracked 
| 448|0x000000009c000000, 0x000000009c000000, 0x000000009c100000|  0%| F|  |TAMS 0x000000009c000000, 0x000000009c000000| Untracked 
| 449|0x000000009c100000, 0x000000009c100000, 0x000000009c200000|  0%| F|  |TAMS 0x000000009c100000, 0x000000009c100000| Untracked 
| 450|0x000000009c200000, 0x000000009c26ea60, 0x000000009c300000| 43%| E|  |TAMS 0x000000009c200000, 0x000000009c200000| Complete 
| 451|0x000000009c300000, 0x000000009c400000, 0x000000009c400000|100%| E|CS|TAMS 0x000000009c300000, 0x000000009c300000| Complete 
| 452|0x000000009c400000, 0x000000009c500000, 0x000000009c500000|100%| E|CS|TAMS 0x000000009c400000, 0x000000009c400000| Complete 
| 453|0x000000009c500000, 0x000000009c600000, 0x000000009c600000|100%| E|CS|TAMS 0x000000009c500000, 0x000000009c500000| Complete 
| 454|0x000000009c600000, 0x000000009c700000, 0x000000009c700000|100%| E|CS|TAMS 0x000000009c600000, 0x000000009c600000| Complete 
| 455|0x000000009c700000, 0x000000009c800000, 0x000000009c800000|100%| E|CS|TAMS 0x000000009c700000, 0x000000009c700000| Complete 
| 456|0x000000009c800000, 0x000000009c900000, 0x000000009c900000|100%| E|CS|TAMS 0x000000009c800000, 0x000000009c800000| Complete 
| 457|0x000000009c900000, 0x000000009ca00000, 0x000000009ca00000|100%| E|CS|TAMS 0x000000009c900000, 0x000000009c900000| Complete 
| 458|0x000000009ca00000, 0x000000009cb00000, 0x000000009cb00000|100%| E|CS|TAMS 0x000000009ca00000, 0x000000009ca00000| Complete 
| 459|0x000000009cb00000, 0x000000009cc00000, 0x000000009cc00000|100%| E|CS|TAMS 0x000000009cb00000, 0x000000009cb00000| Complete 
| 460|0x000000009cc00000, 0x000000009cd00000, 0x000000009cd00000|100%| E|CS|TAMS 0x000000009cc00000, 0x000000009cc00000| Complete 
| 461|0x000000009cd00000, 0x000000009ce00000, 0x000000009ce00000|100%| E|CS|TAMS 0x000000009cd00000, 0x000000009cd00000| Complete 
| 462|0x000000009ce00000, 0x000000009cf00000, 0x000000009cf00000|100%| E|CS|TAMS 0x000000009ce00000, 0x000000009ce00000| Complete 
| 463|0x000000009cf00000, 0x000000009d000000, 0x000000009d000000|100%| E|CS|TAMS 0x000000009cf00000, 0x000000009cf00000| Complete 
| 464|0x000000009d000000, 0x000000009d100000, 0x000000009d100000|100%| E|CS|TAMS 0x000000009d000000, 0x000000009d000000| Complete 
| 465|0x000000009d100000, 0x000000009d200000, 0x000000009d200000|100%| E|CS|TAMS 0x000000009d100000, 0x000000009d100000| Complete 
| 466|0x000000009d200000, 0x000000009d300000, 0x000000009d300000|100%| E|CS|TAMS 0x000000009d200000, 0x000000009d200000| Complete 
| 467|0x000000009d300000, 0x000000009d400000, 0x000000009d400000|100%| E|CS|TAMS 0x000000009d300000, 0x000000009d300000| Complete 
| 468|0x000000009d400000, 0x000000009d500000, 0x000000009d500000|100%| E|CS|TAMS 0x000000009d400000, 0x000000009d400000| Complete 
| 469|0x000000009d500000, 0x000000009d600000, 0x000000009d600000|100%| E|CS|TAMS 0x000000009d500000, 0x000000009d500000| Complete 
| 470|0x000000009d600000, 0x000000009d700000, 0x000000009d700000|100%| E|CS|TAMS 0x000000009d600000, 0x000000009d600000| Complete 
| 471|0x000000009d700000, 0x000000009d800000, 0x000000009d800000|100%| E|CS|TAMS 0x000000009d700000, 0x000000009d700000| Complete 
| 472|0x000000009d800000, 0x000000009d900000, 0x000000009d900000|100%| E|CS|TAMS 0x000000009d800000, 0x000000009d800000| Complete 
| 473|0x000000009d900000, 0x000000009da00000, 0x000000009da00000|100%| E|CS|TAMS 0x000000009d900000, 0x000000009d900000| Complete 
| 474|0x000000009da00000, 0x000000009db00000, 0x000000009db00000|100%| E|  |TAMS 0x000000009da00000, 0x000000009da00000| Complete 
| 475|0x000000009db00000, 0x000000009dc00000, 0x000000009dc00000|100%| E|CS|TAMS 0x000000009db00000, 0x000000009db00000| Complete 
| 476|0x000000009dc00000, 0x000000009dd00000, 0x000000009dd00000|100%| E|CS|TAMS 0x000000009dc00000, 0x000000009dc00000| Complete 
| 477|0x000000009dd00000, 0x000000009de00000, 0x000000009de00000|100%| E|CS|TAMS 0x000000009dd00000, 0x000000009dd00000| Complete 
| 478|0x000000009de00000, 0x000000009df00000, 0x000000009df00000|100%| E|CS|TAMS 0x000000009de00000, 0x000000009de00000| Complete 
| 479|0x000000009df00000, 0x000000009e000000, 0x000000009e000000|100%| E|CS|TAMS 0x000000009df00000, 0x000000009df00000| Complete 
| 480|0x000000009e000000, 0x000000009e100000, 0x000000009e100000|100%| E|CS|TAMS 0x000000009e000000, 0x000000009e000000| Complete 
| 481|0x000000009e100000, 0x000000009e200000, 0x000000009e200000|100%| E|CS|TAMS 0x000000009e100000, 0x000000009e100000| Complete 
| 482|0x000000009e200000, 0x000000009e300000, 0x000000009e300000|100%| E|CS|TAMS 0x000000009e200000, 0x000000009e200000| Complete 
| 483|0x000000009e300000, 0x000000009e400000, 0x000000009e400000|100%| E|CS|TAMS 0x000000009e300000, 0x000000009e300000| Complete 
| 484|0x000000009e400000, 0x000000009e500000, 0x000000009e500000|100%| E|CS|TAMS 0x000000009e400000, 0x000000009e400000| Complete 
| 485|0x000000009e500000, 0x000000009e600000, 0x000000009e600000|100%| E|CS|TAMS 0x000000009e500000, 0x000000009e500000| Complete 
| 486|0x000000009e600000, 0x000000009e700000, 0x000000009e700000|100%| E|CS|TAMS 0x000000009e600000, 0x000000009e600000| Complete 
| 487|0x000000009e700000, 0x000000009e800000, 0x000000009e800000|100%| E|CS|TAMS 0x000000009e700000, 0x000000009e700000| Complete 
| 488|0x000000009e800000, 0x000000009e900000, 0x000000009e900000|100%| E|CS|TAMS 0x000000009e800000, 0x000000009e800000| Complete 
| 489|0x000000009e900000, 0x000000009ea00000, 0x000000009ea00000|100%| E|CS|TAMS 0x000000009e900000, 0x000000009e900000| Complete 
| 490|0x000000009ea00000, 0x000000009eb00000, 0x000000009eb00000|100%| E|CS|TAMS 0x000000009ea00000, 0x000000009ea00000| Complete 
| 491|0x000000009eb00000, 0x000000009ec00000, 0x000000009ec00000|100%| E|CS|TAMS 0x000000009eb00000, 0x000000009eb00000| Complete 
| 492|0x000000009ec00000, 0x000000009ed00000, 0x000000009ed00000|100%| E|CS|TAMS 0x000000009ec00000, 0x000000009ec00000| Complete 
| 493|0x000000009ed00000, 0x000000009ee00000, 0x000000009ee00000|100%| E|CS|TAMS 0x000000009ed00000, 0x000000009ed00000| Complete 
| 494|0x000000009ee00000, 0x000000009ef00000, 0x000000009ef00000|100%| E|CS|TAMS 0x000000009ee00000, 0x000000009ee00000| Complete 

Card table byte_map: [0x000001d9739d0000,0x000001d973dd0000] _byte_map_base: 0x000001d9735d0000

Marking Bits (Prev, Next): (CMBitMap*) 0x000001d96b9d2d00, (CMBitMap*) 0x000001d96b9d2cc0
 Prev Bits: [0x000001d9761d0000, 0x000001d9781d0000)
 Next Bits: [0x000001d9741d0000, 0x000001d9761d0000)

Polling page: 0x000001d969940000

Metaspace:

Usage:
  Non-class:    106.53 MB used.
      Class:     16.57 MB used.
       Both:    123.10 MB used.

Virtual space:
  Non-class space:      128.00 MB reserved,     107.94 MB ( 84%) committed,  2 nodes.
      Class space:      412.00 MB reserved,      17.88 MB (  4%) committed,  1 nodes.
             Both:      540.00 MB reserved,     125.81 MB ( 23%) committed. 

Chunk freelists:
   Non-Class:  16.00 KB
       Class:  2.05 MB
        Both:  2.06 MB

MaxMetaspaceSize: 512.00 MB
CompressedClassSpaceSize: 412.00 MB
Initial GC threshold: 21.00 MB
Current GC threshold: 187.81 MB
CDS: on
MetaspaceReclaimPolicy: balanced
 - commit_granule_bytes: 65536.
 - commit_granule_words: 8192.
 - virtual_space_node_default_size: 8388608.
 - enlarge_chunks_in_place: 1.
 - new_chunks_are_fully_committed: 0.
 - uncommit_free_chunks: 1.
 - use_allocation_guard: 0.


Internal statistics:

num_allocs_failed_limit: 12.
num_arena_births: 4184.
num_arena_deaths: 8.
num_vsnodes_births: 3.
num_vsnodes_deaths: 0.
num_space_committed: 2013.
num_space_uncommitted: 0.
num_chunks_returned_to_freelist: 22.
num_chunks_taken_from_freelist: 10017.
num_chunk_merges: 16.
num_chunk_splits: 6624.
num_chunks_enlarged: 4323.
num_inconsistent_stats: 0.

CodeHeap 'non-profiled nmethods': size=120000Kb used=12098Kb max_used=12369Kb free=107901Kb
 bounds [0x000001d907ad0000, 0x000001d9086f0000, 0x000001d90f000000]
CodeHeap 'profiled nmethods': size=120000Kb used=33299Kb max_used=33822Kb free=86700Kb
 bounds [0x000001d9005a0000, 0x000001d9026f0000, 0x000001d907ad0000]
CodeHeap 'non-nmethods': size=5760Kb used=2468Kb max_used=2542Kb free=3291Kb
 bounds [0x000001d900000000, 0x000001d900290000, 0x000001d9005a0000]
 total_blobs=18153 nmethods=17151 adapters=913
 compilation: enabled
              stopped_count=0, restarted_count=0
 full_count=0

Compilation events (20 events):
Event: 121.743 Thread 0x000001d97abc0f90 nmethod 20749 0x000001d907c73990 code [0x000001d907c73b00, 0x000001d907c73b78]
Event: 121.743 Thread 0x000001d97abc0f90 20739       4       kotlin.collections.EmptyList::size (5 bytes)
Event: 121.743 Thread 0x000001d97abc0f90 nmethod 20739 0x000001d907c73690 code [0x000001d907c73800, 0x000001d907c73878]
Event: 121.743 Thread 0x000001d97abc0f90 20740       4       kotlin.reflect.jvm.internal.impl.storage.LockBasedStorageManager$LockBasedLazyValue::<init> (38 bytes)
Event: 121.747 Thread 0x000001d97abc0f90 nmethod 20740 0x000001d9084f5c10 code [0x000001d9084f5da0, 0x000001d9084f6118]
Event: 121.747 Thread 0x000001d97abc0f90 20771       4       kotlin.reflect.jvm.internal.impl.descriptors.impl.DeclarationDescriptorImpl::getName (13 bytes)
Event: 121.748 Thread 0x000001d97abc0f90 nmethod 20771 0x000001d907c73310 code [0x000001d907c73480, 0x000001d907c73518]
Event: 121.748 Thread 0x000001d97abc0f90 20780       4       java.lang.invoke.LambdaForm$DMH/0x0000000800e33000::invokeInterface (25 bytes)
Event: 121.751 Thread 0x000001d97abc0f90 nmethod 20780 0x000001d9084f5590 code [0x000001d9084f5720, 0x000001d9084f5888]
Event: 121.751 Thread 0x000001d97abc0f90 20735       4       kotlin.collections.EmptySet::contains (18 bytes)
Event: 121.751 Thread 0x000001d97abc0f90 nmethod 20735 0x000001d908466390 code [0x000001d908466500, 0x000001d9084665b8]
Event: 121.752 Thread 0x000001d97abc0f90 20748       4       java.util.Collections$SingletonSet::iterator (8 bytes)
Event: 121.753 Thread 0x000001d97abc0f90 nmethod 20748 0x000001d908466090 code [0x000001d908466220, 0x000001d9084662f8]
Event: 121.798 Thread 0x000001d97abc4330 20802       3       org.jetbrains.kotlin.gradle.utils.FileUtilsKt::isJavaFile (17 bytes)
Event: 121.799 Thread 0x000001d97abc4330 nmethod 20802 0x000001d90138c310 code [0x000001d90138c5e0, 0x000001d90138d2b8]
Event: 121.834 Thread 0x000001d97abc0f90 20803   !   4       org.gradle.api.internal.file.FileOrUriNotationConverter::convert (310 bytes)
Event: 121.874 Thread 0x000001d97abc4330 20805       3       org.jetbrains.kotlin.gradle.tasks.SourceRoots$ForJvm$Companion$create$2::isSatisfiedBy (9 bytes)
Event: 121.876 Thread 0x000001d97abc4330 nmethod 20805 0x000001d900ff1110 code [0x000001d900ff1400, 0x000001d900ff2168]
Event: 121.876 Thread 0x000001d97abc4330 20806       3       org.jetbrains.kotlin.gradle.tasks.SourceRoots$ForJvm$Companion$create$2::isSatisfiedBy (11 bytes)
Event: 121.877 Thread 0x000001d97abc4330 nmethod 20806 0x000001d9019b6f90 code [0x000001d9019b7280, 0x000001d9019b7f48]

GC Heap History (20 events):
Event: 100.031 GC heap before
{Heap before GC invocations=78 (full 0):
 garbage-first heap   total 328704K, used 303103K [0x0000000080000000, 0x0000000100000000)
  region size 1024K, 16 young (16384K), 2 survivors (2048K)
 Metaspace       used 112803K, committed 115392K, reserved 552960K
  class space    used 15345K, committed 16576K, reserved 421888K
}
Event: 100.043 GC heap after
{Heap after GC invocations=79 (full 0):
 garbage-first heap   total 328704K, used 293536K [0x0000000080000000, 0x0000000100000000)
  region size 1024K, 2 young (2048K), 2 survivors (2048K)
 Metaspace       used 112803K, committed 115392K, reserved 552960K
  class space    used 15345K, committed 16576K, reserved 421888K
}
Event: 100.242 GC heap before
{Heap before GC invocations=79 (full 0):
 garbage-first heap   total 328704K, used 307872K [0x0000000080000000, 0x0000000100000000)
  region size 1024K, 16 young (16384K), 2 survivors (2048K)
 Metaspace       used 112817K, committed 115392K, reserved 552960K
  class space    used 15345K, committed 16576K, reserved 421888K
}
Event: 100.245 GC heap after
{Heap after GC invocations=80 (full 0):
 garbage-first heap   total 328704K, used 295881K [0x0000000080000000, 0x0000000100000000)
  region size 1024K, 2 young (2048K), 2 survivors (2048K)
 Metaspace       used 112817K, committed 115392K, reserved 552960K
  class space    used 15345K, committed 16576K, reserved 421888K
}
Event: 100.478 GC heap before
{Heap before GC invocations=80 (full 0):
 garbage-first heap   total 328704K, used 310217K [0x0000000080000000, 0x0000000100000000)
  region size 1024K, 16 young (16384K), 2 survivors (2048K)
 Metaspace       used 112817K, committed 115392K, reserved 552960K
  class space    used 15345K, committed 16576K, reserved 421888K
}
Event: 100.482 GC heap after
{Heap after GC invocations=81 (full 0):
 garbage-first heap   total 328704K, used 297301K [0x0000000080000000, 0x0000000100000000)
  region size 1024K, 2 young (2048K), 2 survivors (2048K)
 Metaspace       used 112817K, committed 115392K, reserved 552960K
  class space    used 15345K, committed 16576K, reserved 421888K
}
Event: 100.752 GC heap before
{Heap before GC invocations=81 (full 0):
 garbage-first heap   total 328704K, used 311637K [0x0000000080000000, 0x0000000100000000)
  region size 1024K, 16 young (16384K), 2 survivors (2048K)
 Metaspace       used 112817K, committed 115392K, reserved 552960K
  class space    used 15345K, committed 16576K, reserved 421888K
}
Event: 100.755 GC heap after
{Heap after GC invocations=82 (full 0):
 garbage-first heap   total 328704K, used 298461K [0x0000000080000000, 0x0000000100000000)
  region size 1024K, 2 young (2048K), 2 survivors (2048K)
 Metaspace       used 112817K, committed 115392K, reserved 552960K
  class space    used 15345K, committed 16576K, reserved 421888K
}
Event: 101.032 GC heap before
{Heap before GC invocations=82 (full 0):
 garbage-first heap   total 328704K, used 312797K [0x0000000080000000, 0x0000000100000000)
  region size 1024K, 16 young (16384K), 2 survivors (2048K)
 Metaspace       used 112817K, committed 115392K, reserved 552960K
  class space    used 15345K, committed 16576K, reserved 421888K
}
Event: 101.034 GC heap after
{Heap after GC invocations=83 (full 0):
 garbage-first heap   total 328704K, used 299631K [0x0000000080000000, 0x0000000100000000)
  region size 1024K, 2 young (2048K), 2 survivors (2048K)
 Metaspace       used 112817K, committed 115392K, reserved 552960K
  class space    used 15345K, committed 16576K, reserved 421888K
}
Event: 101.498 GC heap before
{Heap before GC invocations=83 (full 0):
 garbage-first heap   total 506880K, used 308847K [0x0000000080000000, 0x0000000100000000)
  region size 1024K, 16 young (16384K), 2 survivors (2048K)
 Metaspace       used 112810K, committed 115392K, reserved 552960K
  class space    used 15343K, committed 16576K, reserved 421888K
}
Event: 101.508 GC heap after
{Heap after GC invocations=84 (full 0):
 garbage-first heap   total 506880K, used 296837K [0x0000000080000000, 0x0000000100000000)
  region size 1024K, 2 young (2048K), 2 survivors (2048K)
 Metaspace       used 112810K, committed 115392K, reserved 552960K
  class space    used 15343K, committed 16576K, reserved 421888K
}
Event: 105.299 GC heap before
{Heap before GC invocations=85 (full 0):
 garbage-first heap   total 506880K, used 425860K [0x0000000080000000, 0x0000000100000000)
  region size 1024K, 121 young (123904K), 2 survivors (2048K)
 Metaspace       used 113126K, committed 115712K, reserved 552960K
  class space    used 15355K, committed 16576K, reserved 421888K
}
Event: 105.316 GC heap after
{Heap after GC invocations=86 (full 0):
 garbage-first heap   total 506880K, used 307506K [0x0000000080000000, 0x0000000100000000)
  region size 1024K, 13 young (13312K), 13 survivors (13312K)
 Metaspace       used 113126K, committed 115712K, reserved 552960K
  class space    used 15355K, committed 16576K, reserved 421888K
}
Event: 105.420 GC heap before
{Heap before GC invocations=86 (full 0):
 garbage-first heap   total 506880K, used 321842K [0x0000000080000000, 0x0000000100000000)
  region size 1024K, 24 young (24576K), 13 survivors (13312K)
 Metaspace       used 113142K, committed 115712K, reserved 552960K
  class space    used 15356K, committed 16576K, reserved 421888K
}
Event: 105.480 GC heap after
{Heap after GC invocations=87 (full 0):
 garbage-first heap   total 506880K, used 296009K [0x0000000080000000, 0x0000000100000000)
  region size 1024K, 3 young (3072K), 3 survivors (3072K)
 Metaspace       used 113142K, committed 115712K, reserved 552960K
  class space    used 15356K, committed 16576K, reserved 421888K
}
Event: 108.106 GC heap before
{Heap before GC invocations=87 (full 0):
 garbage-first heap   total 506880K, used 428105K [0x0000000080000000, 0x0000000100000000)
  region size 1024K, 121 young (123904K), 3 survivors (3072K)
 Metaspace       used 113316K, committed 115904K, reserved 552960K
  class space    used 15374K, committed 16576K, reserved 421888K
}
Event: 108.120 GC heap after
{Heap after GC invocations=88 (full 0):
 garbage-first heap   total 506880K, used 305060K [0x0000000080000000, 0x0000000100000000)
  region size 1024K, 12 young (12288K), 12 survivors (12288K)
 Metaspace       used 113316K, committed 115904K, reserved 552960K
  class space    used 15374K, committed 16576K, reserved 421888K
}
Event: 113.552 GC heap before
{Heap before GC invocations=88 (full 0):
 garbage-first heap   total 506880K, used 421796K [0x0000000080000000, 0x0000000100000000)
  region size 1024K, 125 young (128000K), 12 survivors (12288K)
 Metaspace       used 123300K, committed 125952K, reserved 552960K
  class space    used 16580K, committed 17792K, reserved 421888K
}
Event: 113.726 GC heap after
{Heap after GC invocations=89 (full 0):
 garbage-first heap   total 506880K, used 320584K [0x0000000080000000, 0x0000000100000000)
  region size 1024K, 14 young (14336K), 14 survivors (14336K)
 Metaspace       used 123300K, committed 125952K, reserved 552960K
  class space    used 16580K, committed 17792K, reserved 421888K
}

Deoptimization events (20 events):
Event: 115.337 Thread 0x000001d91abcbec0 Uncommon trap: trap_request=0xffffffde fr.pc=0x000001d907b306e0 relative=0x0000000000000160
Event: 115.337 Thread 0x000001d91abcbec0 Uncommon trap: reason=class_check action=maybe_recompile pc=0x000001d907b306e0 method=java.lang.reflect.Array.newInstance(Ljava/lang/Class;I)Ljava/lang/Object; @ 2 c2
Event: 115.337 Thread 0x000001d91abcbec0 DEOPT PACKING pc=0x000001d907b306e0 sp=0x00000019549fe0b0
Event: 115.337 Thread 0x000001d91abcbec0 DEOPT UNPACKING pc=0x000001d9000523a3 sp=0x00000019549fe048 mode 2
Event: 121.179 Thread 0x000001d9125404c0 Uncommon trap: trap_request=0xffffffc6 fr.pc=0x000001d9085785c8 relative=0x00000000000025a8
Event: 121.179 Thread 0x000001d9125404c0 Uncommon trap: reason=bimorphic_or_optimized_type_check action=maybe_recompile pc=0x000001d9085785c8 method=org.gradle.internal.snapshot.AbstractStorePathRelationshipHandler.handleAsDescendantOfChild(Lorg/gradle/internal/snapshot/VfsRelativePath;Ljava/lan
Event: 121.179 Thread 0x000001d9125404c0 DEOPT PACKING pc=0x000001d9085785c8 sp=0x00000019505fbe90
Event: 121.180 Thread 0x000001d9125404c0 DEOPT UNPACKING pc=0x000001d9000523a3 sp=0x00000019505fbd20 mode 2
Event: 121.208 Thread 0x000001d9125404c0 Uncommon trap: trap_request=0xffffff45 fr.pc=0x000001d908464e68 relative=0x00000000000007a8
Event: 121.208 Thread 0x000001d9125404c0 Uncommon trap: reason=unstable_if action=reinterpret pc=0x000001d908464e68 method=java.util.concurrent.ArrayBlockingQueue.enqueue(Ljava/lang/Object;)V @ 25 c2
Event: 121.208 Thread 0x000001d9125404c0 DEOPT PACKING pc=0x000001d908464e68 sp=0x00000019505fb320
Event: 121.208 Thread 0x000001d9125404c0 DEOPT UNPACKING pc=0x000001d9000523a3 sp=0x00000019505fb300 mode 2
Event: 121.782 Thread 0x000001d9125404c0 Uncommon trap: trap_request=0xffffffc6 fr.pc=0x000001d908546c9c relative=0x00000000000001fc
Event: 121.782 Thread 0x000001d9125404c0 Uncommon trap: reason=bimorphic_or_optimized_type_check action=maybe_recompile pc=0x000001d908546c9c method=org.gradle.api.internal.file.AbstractOpaqueFileCollection.iterator()Ljava/util/Iterator; @ 4 c2
Event: 121.782 Thread 0x000001d9125404c0 DEOPT PACKING pc=0x000001d908546c9c sp=0x00000019505fab80
Event: 121.782 Thread 0x000001d9125404c0 DEOPT UNPACKING pc=0x000001d9000523a3 sp=0x00000019505fab38 mode 2
Event: 121.894 Thread 0x000001d9125404c0 Uncommon trap: trap_request=0xffffffc6 fr.pc=0x000001d908546c9c relative=0x00000000000001fc
Event: 121.894 Thread 0x000001d9125404c0 Uncommon trap: reason=bimorphic_or_optimized_type_check action=maybe_recompile pc=0x000001d908546c9c method=org.gradle.api.internal.file.AbstractOpaqueFileCollection.iterator()Ljava/util/Iterator; @ 4 c2
Event: 121.894 Thread 0x000001d9125404c0 DEOPT PACKING pc=0x000001d908546c9c sp=0x00000019505fab80
Event: 121.894 Thread 0x000001d9125404c0 DEOPT UNPACKING pc=0x000001d9000523a3 sp=0x00000019505fab38 mode 2

Classes loaded (20 events):
Event: 115.337 Loading class sun/rmi/transport/DGCImpl$1
Event: 115.337 Loading class sun/rmi/transport/DGCImpl$1 done
Event: 115.338 Loading class sun/rmi/transport/SequenceEntry
Event: 115.338 Loading class sun/rmi/transport/SequenceEntry done
Event: 121.252 Loading class java/net/InetAddress$NameServiceAddresses
Event: 121.252 Loading class java/net/InetAddress$Addresses
Event: 121.253 Loading class java/net/InetAddress$Addresses done
Event: 121.253 Loading class java/net/InetAddress$NameServiceAddresses done
Event: 121.253 Loading class java/net/spi/InetAddressResolverProvider
Event: 121.253 Loading class java/net/spi/InetAddressResolverProvider done
Event: 121.264 Loading class sun/net/InetAddressCachePolicy
Event: 121.264 Loading class sun/net/InetAddressCachePolicy done
Event: 121.264 Loading class sun/net/InetAddressCachePolicy$1
Event: 121.264 Loading class sun/net/InetAddressCachePolicy$1 done
Event: 121.264 Loading class sun/net/InetAddressCachePolicy$2
Event: 121.264 Loading class sun/net/InetAddressCachePolicy$2 done
Event: 121.264 Loading class java/net/InetAddress$CachedAddresses
Event: 121.265 Loading class java/net/InetAddress$CachedAddresses done
Event: 121.265 Loading class java/net/InetAddress$CachedLocalHost
Event: 121.265 Loading class java/net/InetAddress$CachedLocalHost done

Classes unloaded (4 events):
Event: 101.143 Thread 0x000001d97ab9b230 Unloading class 0x0000000801c0d000 'java/lang/invoke/LambdaForm$DMH+0x0000000801c0d000'
Event: 101.143 Thread 0x000001d97ab9b230 Unloading class 0x0000000801c0cc00 'java/lang/invoke/LambdaForm$DMH+0x0000000801c0cc00'
Event: 101.143 Thread 0x000001d97ab9b230 Unloading class 0x0000000801c0c400 'java/lang/invoke/LambdaForm$DMH+0x0000000801c0c400'
Event: 101.143 Thread 0x000001d97ab9b230 Unloading class 0x0000000801c0c800 'java/lang/invoke/LambdaForm$DMH+0x0000000801c0c800'

Classes redefined (0 events):
No events

Internal exceptions (20 events):
Event: 115.213 Thread 0x000001d9125404c0 Exception <a 'java/lang/NoSuchMethodError'{0x000000009dd85870}: static Lorg/jetbrains/kotlin/daemon/common/LoopbackNetworkInterface$ClientLoopbackSocketFactory;.<clinit>()V> (0x000000009dd85870) 
thrown [s\open\src\hotspot\share\prims\jni.cpp, line 1104]
Event: 115.223 Thread 0x000001d9125404c0 Exception <a 'java/lang/NoSuchMethodError'{0x000000009ddcd030}: 'java.lang.Object java.lang.invoke.DirectMethodHandle$Holder.invokeSpecial(java.lang.Object, java.lang.Object, java.lang.Object, int, java.lang.Object, java.lang.Object)'> (0x000000009ddcd030) 
thrown [s\open\src\hotspot\share\interpreter\linkResolver.cpp, line 766]
Event: 115.223 Thread 0x000001d9125404c0 Exception <a 'java/lang/NoSuchMethodError'{0x000000009ddd1508}: 'java.lang.Object java.lang.invoke.Invokers$Holder.linkToTargetMethod(java.lang.Object, int, java.lang.Object, java.lang.Object, java.lang.Object)'> (0x000000009ddd1508) 
thrown [s\open\src\hotspot\share\interpreter\linkResolver.cpp, line 766]
Event: 115.242 Thread 0x000001d9125404c0 Exception <a 'java/lang/NoSuchMethodError'{0x000000009ddde440}: static [Ljava/rmi/server/ObjID;.<clinit>()V> (0x000000009ddde440) 
thrown [s\open\src\hotspot\share\prims\jni.cpp, line 1104]
Event: 115.247 Thread 0x000001d9125404c0 Exception <a 'java/lang/NoSuchMethodError'{0x000000009dc17138}: static [B.<clinit>()V> (0x000000009dc17138) 
thrown [s\open\src\hotspot\share\prims\jni.cpp, line 1104]
Event: 115.251 Thread 0x000001d91abc2d10 Exception <a 'java/lang/InterruptedException'{0x000000009dc376f0}> (0x000000009dc376f0) 
thrown [s\open\src\hotspot\share\runtime\objectMonitor.cpp, line 1661]
Event: 115.251 Thread 0x000001d91abc2d10 Exception <a 'java/lang/NoSuchMethodError'{0x000000009dc38b50}: 'java.lang.Object java.lang.invoke.DirectMethodHandle$Holder.invokeSpecial(java.lang.Object, java.lang.Object, int, java.lang.Object, long)'> (0x000000009dc38b50) 
thrown [s\open\src\hotspot\share\interpreter\linkResolver.cpp, line 766]
Event: 115.252 Thread 0x000001d91abc2d10 Exception <a 'java/lang/NoSuchMethodError'{0x000000009dc402b0}: 'java.lang.Object java.lang.invoke.DirectMethodHandle$Holder.newInvokeSpecial(java.lang.Object, java.lang.Object, int, java.lang.Object, long)'> (0x000000009dc402b0) 
thrown [s\open\src\hotspot\share\interpreter\linkResolver.cpp, line 766]
Event: 115.264 Thread 0x000001d9125404c0 Exception <a 'java/lang/NoSuchMethodError'{0x000000009dc68770}: static Lorg/jetbrains/kotlin/daemon/common/CompileService$CallResult;.<clinit>()V> (0x000000009dc68770) 
thrown [s\open\src\hotspot\share\prims\jni.cpp, line 1104]
Event: 115.265 Thread 0x000001d9125404c0 Exception <a 'java/lang/NoSuchMethodError'{0x000000009dc79fe8}: static Lorg/jetbrains/kotlin/daemon/common/CompileService$CallResult$Good;.<clinit>()V> (0x000000009dc79fe8) 
thrown [s\open\src\hotspot\share\prims\jni.cpp, line 1104]
Event: 115.266 Thread 0x000001d9125404c0 Exception <a 'java/lang/NoSuchMethodError'{0x000000009dc8bee0}: static Lorg/jetbrains/kotlin/daemon/common/DaemonJVMOptions;.<clinit>()V> (0x000000009dc8bee0) 
thrown [s\open\src\hotspot\share\prims\jni.cpp, line 1104]
Event: 115.274 Thread 0x000001d9125404c0 Exception <a 'java/lang/NoSuchMethodError'{0x000000009dccece8}: static Lorg/jetbrains/kotlin/daemon/common/CompileService$CallResult$Ok;.<clinit>()V> (0x000000009dccece8) 
thrown [s\open\src\hotspot\share\prims\jni.cpp, line 1104]
Event: 115.302 Thread 0x000001d9125404c0 Exception <a 'java/lang/NoSuchMethodError'{0x000000009dbb74c0}: static [Ljava/lang/String;.<clinit>()V> (0x000000009dbb74c0) 
thrown [s\open\src\hotspot\share\prims\jni.cpp, line 1104]
Event: 115.307 Thread 0x000001d9125404c0 Exception <a 'java/lang/NoSuchMethodError'{0x000000009dbe5570}: static [Ljava/lang/Integer;.<clinit>()V> (0x000000009dbe5570) 
thrown [s\open\src\hotspot\share\prims\jni.cpp, line 1104]
Event: 115.310 Thread 0x000001d9125404c0 Exception <a 'java/lang/NoSuchMethodError'{0x000000009da14618}: static Lorg/jetbrains/kotlin/incremental/ClasspathChanges$NotAvailable;.<clinit>()V> (0x000000009da14618) 
thrown [s\open\src\hotspot\share\prims\jni.cpp, line 1104]
Event: 115.310 Thread 0x000001d9125404c0 Exception <a 'java/lang/NoSuchMethodError'{0x000000009da1b3e8}: static Lorg/jetbrains/kotlin/incremental/ClasspathChanges$NotAvailable;.<clinit>()V> (0x000000009da1b3e8) 
thrown [s\open\src\hotspot\share\prims\jni.cpp, line 1104]
Event: 115.311 Thread 0x000001d9125404c0 Exception <a 'java/lang/NoSuchMethodError'{0x000000009da22468}: static Lorg/jetbrains/kotlin/incremental/ClasspathChanges;.<clinit>()V> (0x000000009da22468) 
thrown [s\open\src\hotspot\share\prims\jni.cpp, line 1104]
Event: 120.636 Thread 0x000001d91abcbec0 Exception <a 'java/lang/NoSuchMethodError'{0x000000009d93b6e0}: 'void java.lang.invoke.DirectMethodHandle$Holder.invokeInterface(java.lang.Object, java.lang.Object, int, java.lang.Object)'> (0x000000009d93b6e0) 
thrown [s\open\src\hotspot\share\interpreter\linkResolver.cpp, line 766]
Event: 120.636 Thread 0x000001d91abcbec0 Exception <a 'java/lang/NoSuchMethodError'{0x000000009d93f278}: 'void java.lang.invoke.DelegatingMethodHandle$Holder.reinvoke_L(java.lang.Object, java.lang.Object, int, java.lang.Object)'> (0x000000009d93f278) 
thrown [s\open\src\hotspot\share\interpreter\linkResolver.cpp, line 766]
Event: 120.675 Thread 0x000001d91abcbec0 Exception <a 'java/lang/NoSuchMethodError'{0x000000009d95b7a8}: 'void java.lang.invoke.DelegatingMethodHandle$Holder.reinvoke_L(java.lang.Object, java.lang.Object, int, int, java.lang.Object, java.lang.Object)'> (0x000000009d95b7a8) 
thrown [s\open\src\hotspot\share\interpreter\linkResolver.cpp, line 766]

VM Operations (20 events):
Event: 113.149 Executing VM operation: HandshakeAllThreads
Event: 113.149 Executing VM operation: HandshakeAllThreads done
Event: 113.200 Executing VM operation: HandshakeAllThreads
Event: 113.200 Executing VM operation: HandshakeAllThreads done
Event: 113.552 Executing VM operation: G1CollectForAllocation
Event: 113.728 Executing VM operation: G1CollectForAllocation done
Event: 114.733 Executing VM operation: Cleanup
Event: 114.733 Executing VM operation: Cleanup done
Event: 114.948 Executing VM operation: HandshakeAllThreads
Event: 114.948 Executing VM operation: HandshakeAllThreads done
Event: 115.260 Executing VM operation: HandshakeAllThreads
Event: 115.261 Executing VM operation: HandshakeAllThreads done
Event: 116.261 Executing VM operation: Cleanup
Event: 116.261 Executing VM operation: Cleanup done
Event: 120.262 Executing VM operation: Cleanup
Event: 120.262 Executing VM operation: Cleanup done
Event: 121.163 Executing VM operation: HandshakeAllThreads
Event: 121.163 Executing VM operation: HandshakeAllThreads done
Event: 121.241 Executing VM operation: HandshakeAllThreads
Event: 121.241 Executing VM operation: HandshakeAllThreads done

Events (20 events):
Event: 121.283 Thread 0x000001d97abc9e90 flushing nmethod 0x000001d9022d0090
Event: 121.283 Thread 0x000001d97abc9e90 flushing nmethod 0x000001d9022d2310
Event: 121.283 Thread 0x000001d97abc9e90 flushing nmethod 0x000001d9022d2890
Event: 121.283 Thread 0x000001d97abc9e90 flushing nmethod 0x000001d9022d4c90
Event: 121.283 Thread 0x000001d97abc9e90 flushing nmethod 0x000001d9022dd790
Event: 121.283 Thread 0x000001d97abc9e90 flushing nmethod 0x000001d9022e7710
Event: 121.283 Thread 0x000001d97abc9e90 flushing nmethod 0x000001d9022ea210
Event: 121.283 Thread 0x000001d97abc9e90 flushing nmethod 0x000001d9022f2c10
Event: 121.283 Thread 0x000001d97abc9e90 flushing nmethod 0x000001d9022f3390
Event: 121.283 Thread 0x000001d97abc9e90 flushing nmethod 0x000001d9022f5910
Event: 121.283 Thread 0x000001d97abc9e90 flushing nmethod 0x000001d9022f9890
Event: 121.283 Thread 0x000001d97abc9e90 flushing nmethod 0x000001d9022fb210
Event: 121.283 Thread 0x000001d97abc9e90 flushing nmethod 0x000001d9022fca10
Event: 121.283 Thread 0x000001d97abc9e90 flushing nmethod 0x000001d9022fd590
Event: 121.283 Thread 0x000001d97abc9e90 flushing nmethod 0x000001d9022fe490
Event: 121.283 Thread 0x000001d97abc9e90 flushing nmethod 0x000001d9022ffa90
Event: 121.283 Thread 0x000001d97abc9e90 flushing nmethod 0x000001d902300990
Event: 121.283 Thread 0x000001d97abc9e90 flushing nmethod 0x000001d902303390
Event: 121.283 Thread 0x000001d97abc9e90 flushing nmethod 0x000001d902303b90
Event: 121.283 Thread 0x000001d97abc9e90 flushing nmethod 0x000001d902311590


Dynamic libraries:
0x00007ff7b7350000 - 0x00007ff7b735e000 	C:\Users\Reza\.jdks\openjdk-18.0.1.1\bin\java.exe
0x00007ff99b8f0000 - 0x00007ff99bae8000 	C:\WINDOWS\SYSTEM32\ntdll.dll
0x00007ff992c50000 - 0x00007ff992c69000 	C:\Program Files\Avast Software\Avast\aswhook.dll
0x00007ff999a00000 - 0x00007ff999abf000 	C:\WINDOWS\System32\KERNEL32.DLL
0x00007ff999130000 - 0x00007ff99940a000 	C:\WINDOWS\System32\KERNELBASE.dll
0x00007ff999520000 - 0x00007ff999620000 	C:\WINDOWS\System32\ucrtbase.dll
0x00007ff9912f0000 - 0x00007ff991307000 	C:\Users\Reza\.jdks\openjdk-18.0.1.1\bin\jli.dll
0x00007ff9912d0000 - 0x00007ff9912ea000 	C:\Users\Reza\.jdks\openjdk-18.0.1.1\bin\VCRUNTIME140.dll
0x00007ff99a150000 - 0x00007ff99a2ed000 	C:\WINDOWS\System32\USER32.dll
0x00007ff978200000 - 0x00007ff97849a000 	C:\WINDOWS\WinSxS\amd64_microsoft.windows.common-controls_6595b64144ccf1df_6.0.19041.1110_none_60b5254171f9507e\COMCTL32.dll
0x00007ff999620000 - 0x00007ff999642000 	C:\WINDOWS\System32\win32u.dll
0x00007ff99a040000 - 0x00007ff99a0de000 	C:\WINDOWS\System32\msvcrt.dll
0x00007ff99a770000 - 0x00007ff99a79b000 	C:\WINDOWS\System32\GDI32.dll
0x00007ff999410000 - 0x00007ff999520000 	C:\WINDOWS\System32\gdi32full.dll
0x00007ff999000000 - 0x00007ff99909d000 	C:\WINDOWS\System32\msvcp_win.dll
0x00007ff99a590000 - 0x00007ff99a5c0000 	C:\WINDOWS\System32\IMM32.DLL
0x00007ff9912c0000 - 0x00007ff9912cc000 	C:\Users\Reza\.jdks\openjdk-18.0.1.1\bin\vcruntime140_1.dll
0x00007ff985d70000 - 0x00007ff985dfd000 	C:\Users\Reza\.jdks\openjdk-18.0.1.1\bin\msvcp140.dll
0x00007ff905810000 - 0x00007ff906420000 	C:\Users\Reza\.jdks\openjdk-18.0.1.1\bin\server\jvm.dll
0x00007ff999950000 - 0x00007ff9999fe000 	C:\WINDOWS\System32\ADVAPI32.dll
0x00007ff999f30000 - 0x00007ff999fcc000 	C:\WINDOWS\System32\sechost.dll
0x00007ff99b780000 - 0x00007ff99b8a6000 	C:\WINDOWS\System32\RPCRT4.dll
0x00007ff99a030000 - 0x00007ff99a038000 	C:\WINDOWS\System32\PSAPI.DLL
0x00007ff982bd0000 - 0x00007ff982bd9000 	C:\WINDOWS\SYSTEM32\WSOCK32.dll
0x00007ff977030000 - 0x00007ff977057000 	C:\WINDOWS\SYSTEM32\WINMM.dll
0x00007ff9924e0000 - 0x00007ff9924ea000 	C:\WINDOWS\SYSTEM32\VERSION.dll
0x00007ff99a0e0000 - 0x00007ff99a14b000 	C:\WINDOWS\System32\WS2_32.dll
0x00007ff997850000 - 0x00007ff997862000 	C:\WINDOWS\SYSTEM32\kernel.appcore.dll
0x00007ff9912b0000 - 0x00007ff9912ba000 	C:\Users\Reza\.jdks\openjdk-18.0.1.1\bin\jimage.dll
0x00007ff996c60000 - 0x00007ff996e44000 	C:\WINDOWS\SYSTEM32\DBGHELP.DLL
0x00007ff98faf0000 - 0x00007ff98fb24000 	C:\WINDOWS\SYSTEM32\dbgcore.DLL
0x00007ff9990a0000 - 0x00007ff999122000 	C:\WINDOWS\System32\bcryptPrimitives.dll
0x00007ff985d40000 - 0x00007ff985d65000 	C:\Users\Reza\.jdks\openjdk-18.0.1.1\bin\java.dll
0x00007ff97d600000 - 0x00007ff97d6d6000 	C:\Users\Reza\.jdks\openjdk-18.0.1.1\bin\jsvml.dll
0x00007ff99a8b0000 - 0x00007ff99aff4000 	C:\WINDOWS\System32\SHELL32.dll
0x00007ff9970a0000 - 0x00007ff997833000 	C:\WINDOWS\SYSTEM32\windows.storage.dll
0x00007ff99b1c0000 - 0x00007ff99b514000 	C:\WINDOWS\System32\combase.dll
0x00007ff998a60000 - 0x00007ff998a8e000 	C:\WINDOWS\SYSTEM32\Wldp.dll
0x00007ff99a800000 - 0x00007ff99a8ad000 	C:\WINDOWS\System32\SHCORE.dll
0x00007ff99b160000 - 0x00007ff99b1b5000 	C:\WINDOWS\System32\shlwapi.dll
0x00007ff998f40000 - 0x00007ff998f5f000 	C:\WINDOWS\SYSTEM32\profapi.dll
0x00007ff983730000 - 0x00007ff983743000 	C:\Users\Reza\.jdks\openjdk-18.0.1.1\bin\net.dll
0x00007ff98ee50000 - 0x00007ff98ef5a000 	C:\WINDOWS\SYSTEM32\WINHTTP.dll
0x00007ff9987c0000 - 0x00007ff99882a000 	C:\WINDOWS\system32\mswsock.dll
0x00007ff983710000 - 0x00007ff983726000 	C:\Users\Reza\.jdks\openjdk-18.0.1.1\bin\nio.dll
0x00007ff9836f0000 - 0x00007ff983708000 	C:\Users\Reza\.jdks\openjdk-18.0.1.1\bin\zip.dll
0x00007ff98e0e0000 - 0x00007ff98e0f0000 	C:\Users\Reza\.jdks\openjdk-18.0.1.1\bin\verify.dll
0x00007ff97d5d0000 - 0x00007ff97d5f7000 	C:\Users\Reza\.gradle\native\e1d6ef7f7dcc3fd88c89a11ec53ec762bb8ba0a96d01ffa2cd45eb1d1d8dd5c5\windows-amd64\native-platform.dll
0x00007ff95d000000 - 0x00007ff95d144000 	C:\Users\Reza\.gradle\native\0d407fdbe67a94daf76414ababcb853783967236a71b16ec16e742cd7a986fd3\windows-amd64\native-platform-file-events.dll
0x00007ff9918b0000 - 0x00007ff9918b9000 	C:\Users\Reza\.jdks\openjdk-18.0.1.1\bin\management.dll
0x00007ff990540000 - 0x00007ff99054b000 	C:\Users\Reza\.jdks\openjdk-18.0.1.1\bin\management_ext.dll
0x00007ff9989c0000 - 0x00007ff9989d8000 	C:\WINDOWS\SYSTEM32\CRYPTSP.dll
0x00007ff998070000 - 0x00007ff9980a4000 	C:\WINDOWS\system32\rsaenh.dll
0x00007ff9998b0000 - 0x00007ff9998d7000 	C:\WINDOWS\System32\bcrypt.dll
0x00007ff998f00000 - 0x00007ff998f2e000 	C:\WINDOWS\SYSTEM32\USERENV.dll
0x00007ff9989b0000 - 0x00007ff9989bc000 	C:\WINDOWS\SYSTEM32\CRYPTBASE.dll
0x00007ff998460000 - 0x00007ff99849c000 	C:\WINDOWS\SYSTEM32\IPHLPAPI.DLL
0x00007ff99b520000 - 0x00007ff99b528000 	C:\WINDOWS\System32\NSI.dll
0x00007ff98fad0000 - 0x00007ff98fae7000 	C:\WINDOWS\SYSTEM32\dhcpcsvc6.DLL
0x00007ff9902a0000 - 0x00007ff9902bd000 	C:\WINDOWS\SYSTEM32\dhcpcsvc.DLL
0x00007ff9984a0000 - 0x00007ff99856b000 	C:\WINDOWS\SYSTEM32\DNSAPI.dll
0x00007ff992de0000 - 0x00007ff992de7000 	C:\Users\Reza\.jdks\openjdk-18.0.1.1\bin\rmi.dll
0x00007ff98d630000 - 0x00007ff98d647000 	C:\WINDOWS\system32\napinsp.dll
0x00007ff98d650000 - 0x00007ff98d66b000 	C:\WINDOWS\system32\pnrpnsp.dll
0x00007ff9938d0000 - 0x00007ff9938e5000 	C:\WINDOWS\system32\wshbth.dll
0x00007ff991070000 - 0x00007ff99108d000 	C:\WINDOWS\system32\NLAapi.dll
0x00007ff98d680000 - 0x00007ff98d692000 	C:\WINDOWS\System32\winrnr.dll
0x000000005b790000 - 0x000000005b7b6000 	C:\Program Files\Bonjour\mdnsNSP.dll
0x00007ff984680000 - 0x00007ff98468a000 	C:\Windows\System32\rasadhlp.dll
0x00007ff9841b0000 - 0x00007ff984230000 	C:\WINDOWS\System32\fwpuclnt.dll

dbghelp: loaded successfully - version: 4.0.5 - missing functions: none
symbol engine: initialized successfully - sym options: 0x614 - pdb path: .;C:\Users\Reza\.jdks\openjdk-18.0.1.1\bin;C:\WINDOWS\SYSTEM32;C:\Program Files\Avast Software\Avast;C:\WINDOWS\WinSxS\amd64_microsoft.windows.common-controls_6595b64144ccf1df_6.0.19041.1110_none_60b5254171f9507e;C:\Users\Reza\.jdks\openjdk-18.0.1.1\bin\server;C:\Users\Reza\.gradle\native\e1d6ef7f7dcc3fd88c89a11ec53ec762bb8ba0a96d01ffa2cd45eb1d1d8dd5c5\windows-amd64;C:\Users\Reza\.gradle\native\0d407fdbe67a94daf76414ababcb853783967236a71b16ec16e742cd7a986fd3\windows-amd64;C:\Program Files\Bonjour

VM Arguments:
jvm_args: -XX:MaxMetaspaceSize=512m --add-opens=java.base/java.util=ALL-UNNAMED --add-opens=java.base/java.lang=ALL-UNNAMED --add-opens=java.base/java.lang.invoke=ALL-UNNAMED --add-opens=java.base/java.util=ALL-UNNAMED --add-opens=java.prefs/java.util.prefs=ALL-UNNAMED --add-opens=java.prefs/java.util.prefs=ALL-UNNAMED --add-opens=java.base/java.nio.charset=ALL-UNNAMED --add-opens=java.base/java.net=ALL-UNNAMED --add-opens=java.base/java.util.concurrent.atomic=ALL-UNNAMED -Xmx2048m -Dfile.encoding=UTF-8 -Duser.country=ID -Duser.language=en -Duser.variant 
java_command: org.gradle.launcher.daemon.bootstrap.GradleDaemon 7.5.1
java_class_path (initial): C:\Users\Reza\.gradle\wrapper\dists\gradle-7.5.1-all\1ehga6e77gqps5uk2kc5kf1vc\gradle-7.5.1\lib\gradle-launcher-7.5.1.jar
Launcher Type: SUN_STANDARD

[Global flags]
     intx CICompilerCount                          = 4                                         {product} {ergonomic}
   size_t CompressedClassSpaceSize                 = 432013312                                 {product} {ergonomic}
     uint ConcGCThreads                            = 2                                         {product} {ergonomic}
     uint G1ConcRefinementThreads                  = 8                                         {product} {ergonomic}
   size_t G1HeapRegionSize                         = 1048576                                   {product} {ergonomic}
    uintx GCDrainStackTargetSize                   = 64                                        {product} {ergonomic}
   size_t InitialHeapSize                          = 134217728                                 {product} {ergonomic}
   size_t MarkStackSize                            = 4194304                                   {product} {ergonomic}
   size_t MaxHeapSize                              = 2147483648                                {product} {command line}
   size_t MaxMetaspaceSize                         = 536870912                                 {product} {command line}
   size_t MaxNewSize                               = 1287651328                                {product} {ergonomic}
   size_t MinHeapDeltaBytes                        = 1048576                                   {product} {ergonomic}
   size_t MinHeapSize                              = 8388608                                   {product} {ergonomic}
    uintx NonNMethodCodeHeapSize                   = 5839372                                {pd product} {ergonomic}
    uintx NonProfiledCodeHeapSize                  = 122909434                              {pd product} {ergonomic}
    uintx ProfiledCodeHeapSize                     = 122909434                              {pd product} {ergonomic}
    uintx ReservedCodeCacheSize                    = 251658240                              {pd product} {ergonomic}
     bool SegmentedCodeCache                       = true                                      {product} {ergonomic}
   size_t SoftMaxHeapSize                          = 2147483648                             {manageable} {ergonomic}
     bool UseCompressedClassPointers               = true                           {product lp64_product} {ergonomic}
     bool UseCompressedOops                        = true                           {product lp64_product} {ergonomic}
     bool UseG1GC                                  = true                                      {product} {ergonomic}
     bool UseLargePagesIndividualAllocation        = false                                  {pd product} {ergonomic}

Logging:
Log output configuration:
 #0: stdout all=warning uptime,level,tags foldmultilines=false
 #1: stderr all=off uptime,level,tags foldmultilines=false

Environment Variables:
JAVA_HOME=C:\Users\Reza\.jdks\openjdk-18.0.1.1
CLASSPATH=C:\Users\Reza\Desktop\student-mobile\android\\gradle\wrapper\gradle-wrapper.jar
PATH=C:\Users\Reza\Desktop\student-mobile\android\node_modules\.bin;C:\Users\Reza\Desktop\student-mobile\node_modules\.bin;C:\Users\Reza\Desktop\node_modules\.bin;C:\Users\Reza\node_modules\.bin;C:\Users\node_modules\.bin;C:\node_modules\.bin;C:\Program Files\nodejs;C:\Users\Reza\Desktop\student-mobile\node_modules\.bin;C:\Users\Reza\Desktop\student-mobile\node_modules\.bin;C:\Users\Reza\Desktop\node_modules\.bin;C:\Users\Reza\node_modules\.bin;C:\Users\node_modules\.bin;C:\node_modules\.bin;C:\Users\Reza\AppData\Roaming\npm\node_modules\npm\node_modules\@npmcli\run-script\lib\node-gyp-bin;C:\Users\Reza\Desktop\student-mobile\node_modules\.bin;C:\Users\Reza\Desktop\node_modules\.bin;C:\Users\Reza\node_modules\.bin;C:\Users\node_modules\.bin;C:\node_modules\.bin;C:\Program Files\nodejs;C:\Users\Reza\Desktop\student-mobile\node_modules\react-native\scripts\node_modules\.bin;C:\Users\Reza\Desktop\student-mobile\node_modules\react-native\node_modules\.bin;C:\Users\Reza\Desktop\student-mobile\node_modules\node_modules\.bin;C:\Users\Reza\Desktop\student-mobile\node_modules\.bin;C:\Users\Reza\Desktop\node_modules\.bin;C:\Users\Reza\node_modules\.bin;C:\Users\node_modules\.bin;C:\node_modules\.bin;C:\Program Files\nodejs;C:\Users\Reza\Desktop\student-mobile\node_modules\.bin;C:\Users\Reza\Desktop\node_modules\.bin;C:\Users\Reza\node_modules\.bin;C:\Users\node_modules\.bin;C:\node_modules\.bin;C:\Users\Reza\AppData\Roaming\npm\node_modules\npm\node_modules\@npmcli\run-script\lib\node-gyp-bin;C:\Users\Reza\bin;C:\Program Files\Git\mingw64\bin;C:\Program Files\Git\usr\local\bin;C:\Program Files\Git\usr\bin;C:\Program Files\Git\usr\bin;C:\Program Files\Git\mingw64\bin;C:\Program Files\Git\usr\bin;C:\Users\Reza\bin;C:\Python311\Scripts;C:\Python311;C:\Python310\Scripts;C:\Python310;C:\Program Files\Common Files\Oracle\Java\javapath;C:\Python27;C:\Python27\Scripts;C:\WINDOWS\system32;C:\WINDOWS;C:\WINDOWS\System32\Wbem;C:\WINDOWS\System32\WindowsPowerShell\v1.0;C:\WINDOWS\System32\OpenSSH;C:\ProgramData\chocolatey\bin;C:\Program Files\Java\jdk1.8.0_211\bin;C:\xampp\php;C:\ProgramData\ComposerSetup\bin;C:\Program Files\Git\cmd;C:\Users\Reza\AppData\Local\Android\Sdk\platforms;C:\Program Files\PuTTY;C:\Program Files\nodejs;C:\Users\Reza\AppData\Local\Microsoft\WindowsApps;C:\Users\Reza\AppData\Local\Programs\Microsoft VS Code\bin;C:\Users\Reza\AppData\Roaming\Composer\vendor\bin;C:\flutter\bin;C:\Users\Reza\AppData\Local\Android\sdk\platform-tools;C:\Users\Reza\AppData\Roaming\npm;C:\Users\Reza\AppData\Local\GitHubDesktop\bin;C:\Program Files\Git\usr\bin\vendor_perl;C:\Program Files\Git\usr\bin\core_perl
USERNAME=Reza
SHELL=C:\Program Files\Git\usr\bin\bash.exe
DISPLAY=needs-to-be-defined
LANG=en_US.UTF-8
OS=Windows_NT
PROCESSOR_IDENTIFIER=Intel64 Family 6 Model 142 Stepping 10, GenuineIntel



---------------  S Y S T E M  ---------------

OS:
 Windows 10 , 64 bit Build 19041 (10.0.19041.2788)
OS uptime: 20 days 1:13 hours

CPU: total 8 (initial active 8) (4 cores per cpu, 2 threads per core) family 6 model 142 stepping 10 microcode 0xb4, cx8, cmov, fxsr, ht, mmx, 3dnowpref, sse, sse2, sse3, ssse3, sse4.1, sse4.2, popcnt, lzcnt, tsc, tscinvbit, avx, avx2, aes, erms, clmul, bmi1, bmi2, adx, fma, vzeroupper, clflush, clflushopt

Memory: 4k page, system-wide physical 8074M (298M free)
TotalPageFile size 18826M (AvailPageFile size 11M)
current process WorkingSet (physical memory assigned to process): 470M, peak: 560M
current process commit charge ("private bytes"): 902M, peak: 907M

vm_info: OpenJDK 64-Bit Server VM (18.0.1.1+2-6) for windows-amd64 JRE (18.0.1.1+2-6), built on Apr 25 2022 21:50:56 by "mach5one" with MS VC++ 16.8 / 16.9 (VS2019)

END.
